dish_id,actual_ingredients,predicted_ingredients,actual_cal,pred_cal,cal_error,actual_fat,pred_fat,fat_error,actual_carb,pred_carb,carb_error,actual_prot,pred_prot,prot_error
dish_1561662216,soy sauce; garlic; white rice; parsley; onions; brown rice; vinegar; apple; mixed greens; sugar; salt; lemon juice; olive oil; pork; bok choy; pepper; millet,olive oil; salt; garlic; vinegar; onions,301,451,151,12.4,24.9,12.5,28.2,23.8,4.5,18.6,36.1,17.5
dish_1562008979,jalapenos; lemon juice; pork; wheat berry; cabbage; pepper; salt; carrot; garlic; caesar salad; olive oil; parsley; mayonnaise,salt; olive oil; garlic; lemon juice; pepper,383,442,59,22.2,24.6,2.4,10.2,21.8,11.7,35.3,36,0.6
dish_1561739238,egg whites; hash browns; berries; sweet potato,olive oil; sweet potato; egg whites,274,293,19,9.8,14.7,4.9,37.6,22.3,15.3,9.5,20.7,11.2
dish_1562691032,berries; olive oil; pineapple; scrambled eggs; roasted potatoes; broccoli,olive oil; salt,420,386,34,22,20.5,1.5,39.1,23.6,15.5,17.9,30,12
dish_1558549773,spinach (raw),,2,23,20,0,0.9,0.8,0.4,3.5,3.1,0.3,0.7,0.4
dish_1566920365,salsa; sweet potato; olive oil; egg whites,egg whites; sweet potato; olive oil; scrambled eggs,490,574,84,5.3,31.4,26.1,41.4,29.7,11.7,60.7,47.1,13.6
dish_1563984242,sweet potato; egg whites; pineapple; olive oil; cantaloupe,egg whites; sweet potato; watermelon; scrambled eggs,402,369,33,3.3,19.3,15.9,36.8,23.3,13.6,49.4,28.7,20.7
dish_1563998323,roasted potatoes; shallots; olive oil; tatsoi; butter; jalapenos; wheat berry; mushroom; steak; oregano; chicken; pepper; salt; garlic; white wine; cilantro; vinegar; thyme; lemon juice; rosemary; arugula; basil; brown rice; cream; parsley; cauliflower,olive oil; salt; garlic; lemon juice; shallots,635,539,95,32.5,29.6,2.8,35.3,28,7.3,53,43.8,9.2
dish_1563996485,salt; pepper; blueberries; chard; arugula; vinegar; mustard; olive oil; walnuts; roasted potatoes; cauliflower,olive oil; salt; garlic; vinegar; arugula,178,212,34,11.6,10.8,0.8,16.6,16,0.5,4.2,14.5,10.3
dish_1559239151,spinach (raw),salt; olive oil; vinegar; mustard,9,61,52,0.2,2.6,2.5,1.4,8,6.5,1.2,2.3,1.1
dish_1563998210,garlic; olive oil; thyme; lemon juice; butter; cream; oregano; chicken; pepper; white wine; shallots; arugula; rosemary; mushroom; basil; wheat berry; salt,olive oil; salt,148,130,18,5,6.3,1.3,2.2,12.9,10.7,22.6,7.1,15.5
dish_1558376306,sausage,sausage,372,369,3,29.5,19.8,9.7,4.5,25.9,21.4,20.8,25.7,4.9
dish_1558114086,deprecated,,74,66,8,0.3,1.8,1.6,0.4,12.5,12,20,1.3,18.7
dish_1558720236,apple; carrot; cauliflower; almonds,almonds,888,617,271,66.4,32,34.5,60.5,44.2,16.2,31.9,44.3,12.4
dish_1562618000,vinegar; olive oil; garlic; mustard greens; pepper; salt; radishes; lemon juice; thyme; brown rice; parsley; basil; arugula; chicken thighs; chickpeas; broccoli,salt; olive oil; garlic; vinegar; onions,686,372,314,36.1,20.6,15.5,30.8,19.5,11.3,59.2,29.6,29.5
dish_1562617703,frozen yogurt,,180,122,58,6.5,5.6,0.9,27,14.8,12.2,4.5,5,0.5
dish_1566502505,sun dried tomatoes; bok choy; pork; corn on the cob; cucumbers; onions; salt; soy sauce; garlic; sugar; pepper; white rice; vinegar; spinach (raw); mustard; olive oil,salt; olive oil; garlic; lemon juice; onions,455,431,23,22.5,23.3,0.9,33.1,24.9,8.3,31.9,33.7,1.8
dish_1566849923,olives; cherry tomatoes; carrot,cherry tomatoes,128,82,46,7.5,3.8,3.7,16.2,8.7,7.5,2.1,4.1,2
dish_1566502537,corn on the cob; vinegar; parsley; sun dried tomatoes; rosemary; carrot; salt; garlic; mustard; cucumbers; lemon juice; olive oil; chive; pork; chicken; spinach (raw); pepper; bok choy; white rice; brown rice; soy sauce; chard; sugar; onions; basil,salt; olive oil; garlic; lemon juice; onions,518,396,121,24.3,21.2,3.1,34.3,23.8,10.5,41.8,30.6,11.2
dish_1566838407,pineapple; scrambled eggs; sweet potato; berries; olive oil; watermelon,sweet potato; berries; watermelon; egg whites,359,375,16,9.8,18.2,8.3,62.4,31,31.4,9.7,25.8,16
dish_1562099053,cheese pizza,olive oil; salt,98,114,16,3.5,5.2,1.7,12.4,13.3,0.9,4.1,5.1,0.9
dish_1558546663,spinach (raw); almonds; apple,almonds,331,311,20,22.1,14.7,7.4,30.3,31.2,0.9,10.6,17.6,7
dish_1568305257,turkey bacon; salt; bell peppers; mustard; olive oil; cucumbers; vinegar; scrambled eggs; garlic; radishes,olive oil; salt; garlic,837,512,325,65.5,28.7,36.8,9.3,25.1,15.8,52.1,42,10.1
dish_1564689108,chickpeas; salt; garlic; blueberries; pepper; pears; arugula; mustard; olive oil; parsley; almonds; vinegar; spinach (raw); lemon juice; carrot,salt; olive oil; vinegar; garlic; mustard,204,199,5,15.9,9.9,5.9,13.2,18.4,5.3,4.9,11.1,6.2
dish_1565898158,cilantro; ginger; spinach (raw); jalapenos; lemon juice; lime; salt; onions; shallots; garlic; salmon; green beans; brown rice; olive oil; chili,olive oil; salt; garlic; pepper,240,281,41,10.3,14.8,4.5,10.2,19.9,9.6,25.3,19.7,5.6
dish_1558719994,almonds,almonds,769,650,119,65.8,35.7,30.1,30.2,38.7,8.5,29.8,49.6,19.8
dish_1558031302,potatoes,,57,63,6,0.1,1.5,1.5,12.6,13.2,0.6,1.5,0.8,0.6
dish_1560368464,olive oil; brown rice; vinegar; cherry tomatoes; honeydew melons; shallots; parsley; basil; lemon juice; onions; pork; pepper; garlic; broccoli; salt,olive oil; salt,349,176,174,18.1,7.9,10.2,16.8,18.5,1.7,29.1,9.8,19.3
dish_1563551194,olive oil; sweet potato; egg whites; bagels; greek yogurt; chia seeds; milk; cream cheese,olive oil; salt,472,399,72,14,20.3,6.3,57.7,27.8,29.8,27.8,29.5,1.7
dish_1559849412,almonds,almonds,353,297,56,30.2,15.6,14.6,13.8,23.3,9.5,13.7,19.3,5.6
dish_1560801773,cauliflower,,14,52,39,0.2,2.2,2,2.7,6.8,4.1,1,2,1.1
dish_1566502573,chive; bok choy; chicken; white rice; pork; arugula; spinach (raw); brown rice; chard; mustard; olive oil; garlic; cucumbers; sugar; rosemary; pepper; sun dried tomatoes; lemon juice; mustard greens; parsley; vinegar; corn on the cob; basil; onions; carrot; soy sauce; salt; chickpeas,olive oil; salt; garlic; pepper; vinegar,822,587,234,43.2,31.8,11.4,60.7,33.1,27.6,51.2,46.6,4.5
dish_1568401261,salt; squash; carrot; avocado; tuna salad; olive oil,olive oil; salt; garlic; pepper,530,422,109,26.4,22.8,3.5,34.6,24.2,10.3,39.1,33,6.1
dish_1558461431,spinach (raw),,1,18,17,0,0.7,0.7,0.2,2.7,2.5,0.1,0.5,0.4
dish_1562790824,salt; bell peppers; garlic; mustard; cucumbers; olive oil; vinegar; country rice; onions; green onions; fish; radishes,salt; olive oil; garlic; vinegar; pepper,437,366,71,49.8,20.1,29.7,19.3,20.8,1.5,49.9,28.4,21.5
dish_1558718610,corn on the cob,,114,87,27,2.6,2.6,0.1,23.5,15.7,7.9,3.3,1.9,1.4
dish_1560975517,broccoli; caesar salad,olive oil; salt; garlic,42,171,129,1.9,8.7,6.8,4.6,13.3,8.6,3.1,11.4,8.4
dish_1558639787,cauliflower,cauliflower,25,31,6,0.3,0.9,0.6,4.9,5.5,0.6,1.8,0.8,1
dish_1560203424,pepperoni pizza; brownies,salt; olive oil; cheese pizza,452,417,34,22.3,21.5,0.7,50.2,29.8,20.5,14.6,30.1,15.5
dish_1562776497,pepper; olive oil; brussels sprouts; sweet potato; scrambled eggs; salt,olive oil; salt,292,333,41,13.2,17.3,4.1,32.8,23,9.7,11.6,24.2,12.5
dish_1560444869,honeydew melons,,14,40,25,0,1.6,1.6,3.5,5.6,2.1,0.2,1.3,1.1
dish_1564773903,cherry tomatoes; lentils; salmon; arugula; pineapple; parsley; kale; olive oil; shallots; pepper; pickles; salt; mayonnaise; lemon juice; broccoli; garlic; chive,olive oil; salt,317,275,42,16.1,13.4,2.7,25.1,24.1,1,19.6,17.8,1.8
dish_1561661347,green beans; caesar salad,olive oil; salt; garlic; pepper,51,226,176,1.6,11.8,10.2,7.2,16.2,9,3.4,15.8,12.4
dish_1558722247,almonds; cauliflower; apple,almonds,605,455,149,43.2,23,20.2,46.8,36.3,10.5,21.5,30.9,9.4
dish_1565811091,broccoli; spinach (raw); carrot; chicken; goat cheese,olive oil; salt; olives; cherry tomatoes; mixed greens,504,486,19,17.6,26.6,9,9.1,24.9,15.8,74.7,39.9,34.8
dish_1557861216,plate only,,0,36,36,0,1.5,1.5,0,5,5,0,1.2,1.2
dish_1563220987,olive oil; arugula; pork; salt; onions; parsley; zucchini; rosemary; garlic; white rice,olive oil; salt; garlic; pepper,225,244,19,12.5,13,0.6,4.1,16.3,12.2,22.5,17.4,5.1
dish_1563984140,egg whites,egg whites; cauliflower,245,237,9,0.9,12.5,11.5,3.3,14.7,11.4,47.2,18.3,28.9
dish_1562774099,raspberries; vinaigrette; mixed greens; granola; blackberries,olive oil; salt; vinegar; garlic; mustard,52,47,5,2.8,2.2,0.6,6.2,5.4,0.8,1.3,2.2,0.9
dish_1560444892,honeydew melons; pineapple,,40,25,15,0.1,0.1,0,10.1,6.9,3.3,0.4,0,0.5
dish_1561662814,olive oil; salt; lemon juice; onions; parsley; mixed greens; apple; millet; vinegar,olive oil; salt; garlic,23,51,27,1.9,2,0.1,1.5,7.2,5.7,0.4,1.8,1.4
dish_1558549413,almonds,almonds,682,614,69,58.4,33.7,24.7,26.8,36.6,9.8,26.4,46.7,20.3
dish_1561574368,caesar salad,salt; olive oil; garlic,22,47,25,1,2.1,1.1,2.2,5.7,3.6,1.6,2,0.4
dish_1567007751,berries; cantaloupe,,40,65,25,0.2,1.5,1.2,9.7,13.8,4.2,0.7,0.8,0.2
dish_1558373159,sausage; deprecated; almonds,almonds,1013,585,429,79.1,30.7,48.5,30.5,41.3,10.8,60.6,41.8,18.8
dish_1557862738,steak,salt; olive oil; garlic; onions; pepper,320,224,96,22.4,11.8,10.6,0,15.7,15.7,29.5,15.4,14.1
dish_1560444948,cucumbers; watermelon; pineapple; scrambled eggs; radishes; salt; garlic; honeydew melons; olive oil; bell peppers; mustard; vinegar,olive oil; salt,171,170,1,10,7.6,2.5,17.6,19,1.4,4.6,8.9,4.3
dish_1560367952,fish; spinach (raw); pizza; onions; country rice; olive oil; salt; garlic; green onions,salt; olive oil; vinegar; garlic; spinach (raw),415,181,233,21.1,9.1,11.9,46,14.8,31.2,24.9,11.5,13.4
dish_1568401302,fried rice; salt; squash; carrot; avocado; olive oil; tuna salad,olive oil; salt; garlic; pepper; lemon juice,716,572,144,28.9,31.7,2.8,69.9,28.6,41.3,44.7,47.1,2.4
dish_1558630288,garden salad,olive oil,7,36,29,0.4,1.5,1.2,0.4,4.8,4.5,0.7,1.3,0.7
dish_1563998513,chicken; pepper; cookies; brown rice; arugula; vinegar; oregano; tatsoi; olive oil; basil; cilantro; white wine; salt; roasted potatoes; garlic; shallots; cauliflower; mushroom; steak; jalapenos; cream; wheat berry; thyme; butter; rosemary; lemon juice; parsley,olive oil; salt; garlic; lemon juice; onions,758,552,205,38.7,30.5,8.3,51.6,28.1,23.4,54.2,45.1,9.2
dish_1558544663,oatmeal,,141,197,56,2.9,10.1,7.1,25,16.5,8.4,5,12.4,7.4
dish_1562691064,berries; fried rice; olive oil; pineapple; scrambled eggs; roasted potatoes; broccoli,olive oil; salt; garlic; pepper; lemon juice,555,510,45,23.9,27.9,3.9,64.8,27.6,37.1,22,41.1,19.1
dish_1559233715,sweet potato,,84,82,1,0,3,3,19.8,12.9,6.9,1.1,2.4,1.3
dish_1566328724,chicken,olive oil,276,248,27,6,13.1,7.1,0,17.3,17.3,51.8,17.5,34.3
dish_1559842047,broccoli; pears; mandarin oranges,,154,140,14,0.5,4.9,4.4,39.5,21.7,17.9,2,4.7,2.7
dish_1560975572,caesar salad; wheat berry; broccoli,olive oil; salt; garlic; pepper; lemon juice,97,250,153,2.2,12.9,10.8,16.1,17.3,1.2,5.6,18,12.4
dish_1566328776,chicken; cherry tomatoes; pizza,olive oil; salt,902,749,153,28.7,40.2,11.5,78.3,42.6,35.7,77.7,59.9,17.8
dish_1566316681,sweet potato; olive oil,olive oil,117,100,17,3,4.2,1.2,21.4,12.6,8.8,1.2,4.4,3.2
dish_1564687090,fish; millet; white rice; ketchup; steak; spinach (raw); jalapenos; onions; wheat berry; olive oil; bell peppers; cilantro; vinegar; kale; green beans; lime; shallots; salt,salt; olive oil; garlic; onions; pepper,498,617,119,32.7,34.2,1.4,40.5,31.8,8.7,38.1,50.1,12
dish_1565894910,pizza; cheese pizza; cookies,cheese pizza,537,403,134,21.4,19.8,1.6,67.9,33.1,34.9,18.2,27.6,9.4
dish_1561654326,vinaigrette; granola; blackberries; mixed greens; raspberries,salt; olive oil; vinegar; garlic; mustard,60,89,29,3.2,4.2,1,7.1,9.2,2.1,1.5,4.4,2.9
dish_1565974375,bacon,olive oil; bacon; salt,460,382,78,35.7,21.2,14.5,1.2,20,18.8,31.5,30.3,1.1
dish_1560368506,brown rice; fish; shallots; honeydew melons; broccoli; lemon juice; parsley; pork; vinegar; cherry tomatoes; pepper; garlic; salt; country rice; basil; olive oil; onions; green onions,olive oil; salt; garlic; pepper; lemon juice,463,406,57,31.3,21.4,9.8,22.4,25.9,3.6,44.6,30.8,13.8
dish_1562085672,bread,olive oil; salt; garlic,122,274,152,1.9,14.3,12.4,19.5,19.2,0.3,6.2,19.8,13.6
dish_1561148042,raspberries; ground turkey; cream; green beans; celery; chard; garlic; zucchini; almonds; olive oil; carrot; thyme; kale; salt; white rice; eggs; blueberries; mustard; arugula; vinegar; mushroom; onions; cheese pizza; chive,salt; olive oil; garlic; vinegar; onions,371,392,21,20,20.8,0.9,25.6,24.2,1.4,22.7,29.9,7.2
dish_1566328831,pizza; cherry tomatoes; chicken; pineapple; olives,olive oil; salt,942,766,176,30,41,10.9,85.8,44.1,41.7,78.1,61.2,16.8
dish_1558461692,almonds,almonds,231,138,93,19.8,6.7,13.1,9.1,15.2,6.1,9,6.5,2.5
dish_1565035715,onions,olive oil; salt,16,34,19,0,1.4,1.4,3.5,4.7,1.2,0.4,1.2,0.8
dish_1566590056,tomatoes; pepper; millet; vinegar; tofu; jalapenos; mustard; olive oil; bell peppers; cherry tomatoes; chicken; chard; spinach (raw); pizza; cucumbers; onions; garlic; salt; figs,salt; olive oil; garlic; onions; lemon juice,816,663,153,34.7,36.3,1.6,63.9,35,28.9,62.9,53.7,9.3
dish_1566590007,bell peppers; garlic; tomatoes; salt; onions; olive oil; pizza; pepper; tofu; jalapenos; spinach (raw); chicken; millet,salt; olive oil; garlic; lemon juice; onions,741,623,118,29.2,33.9,4.7,58,33.6,24.3,61.8,50.2,11.6
dish_1558635400,cauliflower,cauliflower,25,13,12,0.3,0.5,0.2,5,1.9,3.1,1.8,0.5,1.3
dish_1557937335,yam,,47,43,4,0.1,1.3,1.2,11.2,8,3.2,0.6,0.8,0.2
dish_1564428144,garlic; shallots; parsley; salt; mustard; pecans; thyme; olive oil; blueberries; arugula; vinegar; chard; lemon juice; quinoa,salt; olive oil; garlic; vinegar; pepper,205,207,2,14.1,10.6,3.4,16.7,16.5,0.2,5.1,13.4,8.2
dish_1558635618,corn on the cob; apple; white rice; cauliflower,,220,221,1,2.4,9.4,6.9,49.7,25.6,24.1,5.6,11.5,5.9
dish_1565034635,cherry tomatoes; vinegar; chard; blueberries; cucumbers; salt; lettuce; walnuts; lime; pepper; arugula; olive oil; mustard; onions; mixed greens,olive oil; salt; vinegar; garlic; mustard,124,132,8,11.8,6.3,5.4,4.3,14,9.7,2.1,6.3,4.2
dish_1566328805,cherry tomatoes; pizza; chicken; pineapple,olive oil; salt,928,795,132,28.7,42.6,13.8,85.1,45.8,39.2,78,63.4,14.5
dish_1565974409,chicken apple sausage; bacon,olive oil; bacon; salt,689,458,231,50,25.6,24.4,5.5,23,17.5,51.5,37,14.5
dish_1563478751,cream; mushroom; spinach (raw); olive oil; pasta; beef; wine; garlic; sour cream; onions; thyme; salt,olive oil; salt; garlic; onions; vinegar,950,615,335,45.3,34.4,10.9,54.1,29.5,24.7,74.8,50.9,23.9
dish_1564773876,cherry tomatoes; pepper; salmon; lentils; lemon juice; parsley; chive; broccoli; pickles; mayonnaise; kale; arugula; olive oil; salt; garlic; shallots,olive oil; salt; garlic,258,102,156,16,4.6,11.4,9.9,11.5,1.6,19,4.9,14.1
dish_1561148021,garlic; mushroom; chard; chive; olive oil; onions; raspberries; mustard; salt; cheese pizza; kale; white rice; eggs; cream; vinegar; arugula; thyme; blueberries; almonds; zucchini; ground turkey; celery; carrot,salt; olive oil; garlic; onions; lemon juice,362,341,20,19.9,17.8,2.1,23.6,22.7,0.9,22.2,25.3,3.1
dish_1558030435,honeydew melons; potatoes; bacon,cantaloupe,247,223,24,11.1,10,1.1,25,23.8,1.2,11.9,12.4,0.5
dish_1562617939,chickpeas; salt; mustard greens; olive oil; parsley; vinegar; arugula; pepper,olive oil; salt; vinegar; garlic; mustard,235,106,129,14.6,5.2,9.5,20.4,10.5,9.9,7.2,5.4,1.8
dish_1563208459,raspberries; yam; sweet potato; olive oil; chicken apple sausage,,186,348,161,8,17.4,9.4,22.5,28.6,6.1,6.9,22.8,15.9
dish_1563389626,salt; pepper; grilled chicken; carrot; olive oil; cherry tomatoes,,499,78,421,30.2,3.6,26.6,12.4,8.5,3.9,45.3,3.7,41.6
dish_1566316757,sweet potato; egg whites; olive oil; salsa,olive oil; salt,448,454,6,4.4,24.1,19.7,34.2,27,7.2,59.5,35.7,23.8
dish_1558641320,apple; carrot; corn on the cob; cherry tomatoes,,212,144,67,3.1,4.4,1.4,49.1,24.9,24.2,4.5,4.1,0.4
dish_1563909469,tomatoes; spinach (raw); vinegar; cucumbers; olive oil; mustard greens; mustard; garlic; salt,olive oil; salt; vinegar; garlic,72,49,23,6.9,2.2,4.7,2.2,5.6,3.4,1.4,2.2,0.8
dish_1566850099,onions; cucumbers; olive oil; salt; mixed greens; lettuce; lime; cherry tomatoes; pepper; vinegar,olive oil; salt; vinegar; garlic; mustard,113,107,6,10.7,5.1,5.6,4.1,11.2,7.1,1.5,5.2,3.7
dish_1558549605,white rice,,98,91,6,0.2,4.2,4,21,9.9,11.1,2,4.6,2.6
dish_1561578865,cheese; pasta; spinach (raw); olive oil; blueberries; salt; broccoli; pesto; vinegar; cherry tomatoes; pepper; arugula; chard; onions; mustard; cheese pizza; walnuts,salt; olive oil; garlic; vinegar; onions,417,411,6,17.3,21.2,3.9,49.7,28.8,20.9,16.7,30,13.2
dish_1561574428,walnuts; caesar salad; salt; mustard; olive oil; blueberries; chard; arugula; vinegar; pepper; cauliflower,salt; olive oil; garlic; pepper; onions,84,118,34,5.1,4.8,0.3,7.9,14.4,6.4,4,5.5,1.6
dish_1562786103,frozen yogurt,,93,232,139,3.4,11.4,8,14,23.4,9.4,2.3,12.1,9.7
dish_1566587102,chicken; millet; pepper; spinach (raw); jalapenos; olive oil; garlic; onions; salt; tomatoes; bell peppers,olive oil; salt; garlic; pepper; lemon juice,214,255,41,7.5,13.5,6,8.1,17.9,9.8,27.1,17.7,9.5
dish_1566502437,vinegar; spinach (raw); sun dried tomatoes; garlic; onions; cucumbers; mustard; salt; olive oil,olive oil; salt; vinegar; garlic; mustard,75,46,28,6.4,2.1,4.3,3.8,5.5,1.7,1.7,2,0.2
dish_1560367980,asparagus; salt; onions; country rice; olive oil; green onions; pizza; spinach (raw); fish; garlic,salt; olive oil; garlic; vinegar; onions,421,292,129,21.1,15.6,5.5,47.2,18.1,29.1,25.7,21.9,3.7
dish_1565711570,salt; pepper; brussels sprouts; scrambled eggs; olive oil; hash browns; bacon,olive oil; salt; garlic; pepper; onions,604,502,101,41.3,27.7,13.6,34.2,25.9,8.3,26.6,41,14.3
dish_1558639876,carrot; cantaloupe; cauliflower,,68,158,90,0.5,5.8,5.3,15.4,22.2,6.8,2.8,6.7,4
dish_1566838378,scrambled eggs; watermelon; berries; pineapple,sweet potato,286,325,39,8,15.9,7.9,49.1,27,22.1,9,22.2,13.2
dish_1557937037,raspberries,,26,44,18,0.3,1.3,1,5.9,8.3,2.4,0.6,0.8,0.2
dish_1562008936,caesar salad,olive oil; salt; garlic; pepper,58,140,82,2.8,6.9,4.2,5.6,12.7,7.1,4.2,7.9,3.7
dish_1558376364,grapes,,49,40,9,0.1,1.1,1,12.8,7.9,4.9,0.5,0.6,0.1
dish_1560801041,pork; zucchini; arugula; chicken breast; cherry tomatoes; rosemary; lemon juice; thyme; olive oil; onions; wheat berry; parmesan cheese; pepper; spinach (raw); cauliflower; garlic; chickpeas; white rice; salt; bulgur; parsley; kale,olive oil; salt; garlic; vinegar; pepper,432,420,12,10.7,23,12.3,63.2,23,40.2,25.7,33.4,7.8
dish_1563897047,egg whites,,66,192,126,0.3,8.6,8.4,0.9,21.2,20.4,12.7,9.5,3.2
dish_1560526552,salt; sausage; pineapple; blueberries; spinach (raw); parsley; mustard greens; potatoes; berries; tomatoes; scrambled eggs; vinegar; mustard; cucumbers; almonds; olive oil; garlic; carrot,olive oil; salt; garlic; vinegar; pepper,359,461,102,21.8,23.8,2,28,32.1,4,14.6,33.7,19.1
dish_1562703408,onions; spinach (cooked); shallots; berries; salt; pizza; olive oil; vinegar; bok choy; millet; beef,olive oil; salt,311,319,8,12,15.7,3.7,32.8,27.1,5.7,17.4,20.6,3.2
dish_1562172600,egg whites; roasted potatoes,egg whites; sweet potato; olive oil,264,269,5,6,14,8,16.4,18.1,1.7,30.7,20,10.7
dish_1561574783,salt; mustard; blueberries; pepper; arugula; chard; vinegar; olive oil; walnuts,salt; olive oil; vinegar; garlic; arugula,30,57,27,2.8,2.6,0.2,1,6.5,5.5,0.6,2.6,2
dish_1560444985,honeydew melons; pineapple; radishes; bok choy; vinegar; watermelon; yam; mustard; olive oil; cucumbers; garlic; bell peppers; salt; scrambled eggs,olive oil,199,204,5,10.1,9.2,0.9,24.1,21.1,3,5.1,11.7,6.6
dish_1565035858,cherry tomatoes; chicken breast; watermelon; bell peppers; cauliflower; onions,olive oil,375,416,41,6.7,22.4,15.7,23.7,24.4,0.7,55.4,32.6,22.8
dish_1565811061,chicken; carrot; spinach (raw); broccoli,olive oil; salt; vinegar; mixed greens; mustard,380,269,111,7.8,14.3,6.5,9.1,17.6,8.5,65.8,19.6,46.2
dish_1559844490,grapes; mandarin oranges,,108,124,15,0.5,4.1,3.7,27.5,20.5,6.9,1.4,3.7,2.4
dish_1558720097,carrot,,30,12,18,0.1,-1,1.1,7.4,7,0.4,0.7,-1,1.6
dish_1566851616,caesar salad; broccoli; cheese pizza; olive oil,salt; olive oil; garlic; cheese pizza; pepper,301,385,84,11.6,19.4,7.8,36.1,28.5,7.7,14.5,27.6,13.1
dish_1561662190,salt; brown rice; mixed greens; olive oil; parsley; onions; lemon juice; vinegar; millet; apple,olive oil; salt; vinegar; garlic; onions,117,226,109,4,11.8,7.8,18.4,16.8,1.6,2.4,15,12.6
dish_1565030350,lettuce; mixed greens; lime; salt; cucumbers; onions; olive oil; vinegar; pepper; cherry tomatoes,salt; olive oil; vinegar; mustard; arugula,63,55,8,5.9,2.5,3.4,2.3,6.3,4,0.8,2.4,1.6
dish_1562774129,berries; vinaigrette; granola; blackberries; mixed greens; raspberries,olive oil; salt; vinegar; mustard; garlic,73,71,2,2.9,3.3,0.4,11.3,8.1,3.2,1.5,3.2,1.7
dish_1559849466,pears; almonds,almonds,468,278,190,30.4,14,16.4,44.4,24.6,19.8,14.5,16.9,2.4
dish_1561739212,berries; egg whites; sweet potato,sweet potato,134,220,86,0.3,10,9.7,23.8,22.2,1.6,8.3,12.9,4.6
dish_1563565454,carrot; cherry tomatoes; fish; chard; mushroom; wheat berry; ground turkey; thyme; bok choy; lemon juice; kale; arugula; salt; pecans; blueberries; mustard; eggs; corn on the cob; vinegar; cream; onions; celery; olive oil; parsley; chive; shallots; garlic; white rice,olive oil; salt; garlic; pepper; vinegar,351,202,148,22.7,9.3,13.4,26.6,21,5.6,22.2,11.1,11.2
dish_1561661377,garlic; chard; brown rice; green beans; chicken; salt; carrot; caesar salad; parsley; chive; rosemary; basil; lemon juice; olive oil,salt; olive oil; garlic; lemon juice; onions,306,470,164,9,25.6,16.6,11.9,26.2,14.3,43.7,37.2,6.5
dish_1559233570,strawberries,,17,27,10,0.2,0.3,0.1,4.1,7.2,3.1,0.4,-0.1,0.5
dish_1558113941,mixed greens; almonds,,297,280,16,24.9,14.5,10.4,12.8,22.2,9.4,11.8,18.3,6.5
dish_1558110385,eggs,,53,35,18,3.6,1.4,2.1,0.4,4.8,4.4,4.2,1.2,3
dish_1566850031,olives; carrot; chicken; caesar dressing; cherry tomatoes; onions,egg whites,617,587,30,19.2,32.7,13.5,25.8,27.7,1.9,84.6,49.4,35.3
dish_1562690886,broccoli; olive oil,olive oil; salt,21,50,29,1,2,0.9,2.5,7,4.5,0.9,1.9,1
dish_1563565323,eggs; corn on the cob; ground turkey; thyme; kale; celery; salt; carrot; white rice; mushroom; cream; onions; olive oil; chive; garlic,salt; olive oil; garlic; pepper; onions,230,99,131,10.8,4.3,6.5,21.7,12,9.7,14.4,4.2,10.2
dish_1561739188,berries; sweet potato,olive oil,97,72,25,0.2,2.1,1.9,23.3,12.8,10.5,1.2,1.8,0.6
dish_1564687046,white rice; salt; shallots; olive oil; onions; jalapenos; steak; green beans; bell peppers; millet; cilantro; kale; ketchup; vinegar; spinach (raw); fish; lime,salt; olive oil; garlic; pepper; vinegar,375,392,17,29.1,21.3,7.8,20.5,23.2,2.7,33.7,30,3.6
dish_1563208412,chicken apple sausage,,62,99,37,3.9,4.5,0.6,1.2,12.2,11,5.5,4.1,1.4
dish_1562790775,bell peppers; cucumbers; salt; mustard; garlic; olive oil; vinegar; radishes,olive oil; salt; vinegar; mustard; arugula,76,33,43,7.8,1.4,6.4,1.5,4.3,2.8,0.4,1.3,0.9
dish_1565811139,carrot; goat cheese; olive oil; broccoli; spinach (raw); chicken,olive oil; salt; mixed greens; onions; vinegar,902,491,411,62.6,27,35.6,9.1,25.1,16,74.7,40.1,34.6
dish_1558641164,apple,,80,84,4,0.3,1.8,1.5,21.6,17.9,3.7,0.5,1.1,0.6
dish_1558461607,grapes,,88,58,29,0.3,2.2,2,22.9,8.8,14.1,0.9,1.8,0.9
dish_1559157454,arugula; chard; vinegar; pepper; walnuts; salt; mustard; olive oil; blueberries,,35,23,12,3.3,0.9,2.3,1.1,3.1,2,0.7,0.9,0.2
dish_1561405389,white rice; chickpeas; soy sauce; arugula; ginger; spinach (raw); parsley; pears; broccoli; garlic; salt; pepper; vinegar; green beans; olive oil; lemon juice; green onions; chicken,salt; olive oil; garlic; vinegar; lemon juice,266,300,34,8.4,16.3,7.9,12.1,18,5.9,35,22.7,12.3
dish_1560526514,potatoes; cucumbers; mustard greens; olive oil; almonds; carrot; berries; pineapple; blueberries; parsley; mustard; garlic; salt; tomatoes; spinach (raw); vinegar,olive oil; salt; garlic; vinegar; pepper,183,239,55,8.4,11.6,3.2,26,21.3,4.7,3.4,14.7,11.3
dish_1560368019,pizza; salt; green onions; onions; olive oil; country rice; eggplant; spinach (raw); fish; asparagus; garlic,salt; olive oil; garlic; vinegar; onions,437,617,180,21.7,32.6,10.9,50,38.4,11.6,26.1,47.5,21.4
dish_1562703382,pizza; berries,,204,191,13,5.9,8.4,2.5,31.3,22.1,9.3,7,9.6,2.6
dish_1563909507,mustard; garlic; tomatoes; salt; cucumbers; olive oil; mustard greens; spinach (raw); vinegar; green beans,salt; olive oil; vinegar; garlic; mustard,118,113,5,9.2,5.5,3.6,8.2,11.1,2.9,2.9,5.9,3
dish_1566587143,bell peppers; chicken; tomatoes; onions; salt; olive oil; avocado; jalapenos; spinach (raw); pepper; garlic; millet,olive oil; salt; garlic; pepper; lemon juice,354,331,23,20.7,17.7,3,16,21.3,5.3,28.9,24.4,4.5
dish_1565811000,chicken; spinach (raw),olives,343,584,241,7.5,32.6,25.2,0.7,26.6,25.9,64.1,49.3,14.8
dish_1561393764,broccoli; scrambled eggs; bacon,olive oil; salt; garlic,281,429,148,20.1,23.5,3.4,5.5,24.3,18.8,19.1,33,13.9
dish_1565035802,onions; cherry tomatoes; cauliflower; bell peppers,olive oil,69,207,138,0.6,10,9.5,14.8,18.5,3.7,3.7,12.8,9.1
dish_1558717604,apple,,74,49,25,0.3,0.5,0.2,19.9,12.5,7.4,0.4,0.1,0.4
dish_1562168696,raspberries; vinaigrette; berries; granola; blackberries; mixed greens; honeydew melons,olive oil; salt; vinegar; garlic; pepper,95,173,78,2.5,8.4,5.9,18.1,16.3,1.9,1.7,10,8.3
dish_1565035830,cherry tomatoes; chicken breast; bell peppers; cauliflower; onions,olive oil,340,327,13,6.5,17.3,10.8,14.8,21.2,6.4,54.7,24.4,30.3
dish_1562788601,fish; vinegar; corn on the cob; brown rice; country rice; basil; green onions; salt; cherry tomatoes; pepper; pork; lemon juice; parsley; pilaf; olive oil; onions; garlic; broccoli; shallots,salt; olive oil; garlic; lemon juice; pepper,413,461,48,19.1,25,5.9,48.8,26.2,22.6,23.1,36.3,13.1
dish_1561405356,ginger; vinegar; olive oil; garlic; soy sauce; broccoli; green onions; salt; chicken; white rice; spinach (raw); green beans,salt; olive oil; garlic; lemon juice; pepper,207,235,28,4.2,12.5,8.3,7.5,15.4,7.9,33.4,17.1,16.4
dish_1557937079,bacon,,146,125,21,11.3,6.1,5.2,0.4,12.4,12,10,6.5,3.5
dish_1562168648,vinaigrette; raspberries; mixed greens; granola; blackberries,olive oil; salt,42,139,98,2.2,7.1,4.9,4.9,11.8,6.8,1,8.4,7.4
dish_1558376734,sausage,almonds,207,146,61,16.4,7,9.4,2.5,16.1,13.6,11.6,6.7,4.8
dish_1563221086,onions; cranberries; arugula; cherry tomatoes; chicken breast; white rice; vinegar; apple; garlic; salt; parsley; zucchini; rosemary; olive oil; thyme; wheat berry; pork; spinach (raw); parmesan cheese; mustard; broccoli,salt; olive oil; garlic; vinegar; onions,328,501,172,18.2,27.6,9.4,12.4,26.7,14.3,28.9,39.8,10.9
dish_1564427406,grilled chicken,,305,299,6,20.1,16.2,3.9,0.1,17.9,17.8,30.5,22.9,7.7
dish_1566414225,olive oil; quinoa,olive oil; salt; garlic,125,164,39,4.2,7.4,3.2,17.9,18.2,0.2,3.8,8.1,4.3
dish_1558635546,apple,,61,76,15,0.2,1.7,1.4,16.4,16,0.4,0.4,1,0.6
dish_1565020867,egg whites; berries; bacon; sweet potato; olive oil,olive oil,256,299,44,6.2,14.9,8.7,35.7,24.2,11.6,13.9,20.2,6.3
dish_1564773847,garlic; shallots; pepper; salmon; cherry tomatoes; olive oil; parsley; chive; lemon juice; pickles; mayonnaise; arugula; lentils; kale; salt,salt; olive oil; garlic; pepper; lemon juice,238,100,138,15.7,4.3,11.4,5.8,12.4,6.6,17.6,4.4,13.2
dish_1564675411,egg whites; turkey bacon,egg whites; sweet potato,236,362,127,7,19.1,12,2.7,23.6,20.9,35.2,27.1,8.1
dish_1566851549,cheese pizza,,226,167,59,8,7.5,0.5,28.5,18.9,9.5,9.5,8.3,1.2
dish_1566501594,brownies,olive oil; salt; onions; garlic; cherry tomatoes,508,434,74,31.4,23.7,7.7,54.3,23.3,31,6.8,34.9,28.1
dish_1558630325,apple; garden salad; almonds,almonds,752,657,95,58.1,35,23,46.6,42.3,4.3,27.1,49.2,22.1
dish_1560368570,honeydew melons; pepper; cherry tomatoes; lettuce; mixed greens; pork; mustard; olive oil; lemon juice; onions; carrot; broccoli; green onions; shallots; arugula; vinegar; brown rice; fish; pumpkin seeds; basil; parsley; country rice; salt; garlic,salt; olive oil; garlic; lemon juice; onions,556,508,48,39.2,27.8,11.4,27.1,27.6,0.5,46.5,40.7,5.8
dish_1559844366,almonds; broccoli; grapes,almonds,529,406,123,39.9,21.5,18.4,34.9,28.4,6.5,19.2,29,9.7
dish_1559849497,almonds; pears; grapes,almonds,521,311,211,30.6,15.6,14.9,58.4,26.8,31.6,15,19.5,4.5
dish_1561741063,cottage cheese,,132,120,13,5.8,5.1,0.7,4.6,15.4,10.8,14.9,4.9,9.9
dish_1560444931,watermelon; honeydew melons; pineapple; scrambled eggs,,113,64,49,4,2.1,1.9,16.5,10.8,5.7,4.3,1.8,2.5
dish_1561577947,olive oil; basil; arugula; blueberries; vinegar; mustard; walnuts; white wine; salt; rosemary; oregano; cream; mushroom; wheat berry; chard; pepper; chicken; shallots; garlic; butter; lemon juice; thyme,salt; olive oil; garlic; vinegar; onions,623,480,143,33.8,26.6,7.1,12.9,24.2,11.3,67.2,39,28.2
dish_1564588859,egg whites; greek yogurt; milk; chia seeds,olive oil,184,199,16,4.8,9.3,4.6,9.6,18.7,9.1,23.4,12.4,11.1
dish_1565898361,brown rice; ginger; vinegar; beef; salmon; spinach (cooked); millet; lime; onions; spinach (raw); jalapenos; bok choy; shallots; garlic; chili; cilantro; salt; lemon juice; olive oil,salt; olive oil; garlic; pepper; lemon juice,371,362,9,18.8,19.7,0.9,7.6,21.8,14.2,39,27.4,11.6
dish_1558718680,almonds,almonds,133,261,128,11.4,13.5,2.1,5.2,22.2,17,5.2,16.1,11
dish_1563996509,walnuts; cauliflower; oregano; arugula; mushroom; chard; wheat berry; garlic; shallots; thyme; cream; mustard; rosemary; white wine; chicken; pepper; vinegar; olive oil; blueberries; lemon juice; basil; salt; butter; roasted potatoes,olive oil; salt; garlic; vinegar; pepper,365,314,51,17.9,16.4,1.5,19.3,21.5,2.2,32.8,22.8,10
dish_1564689078,almonds; olive oil; mustard; parsley; carrot; salt; blueberries; spinach (raw); vinegar,olive oil; salt; vinegar,72,83,10,6.6,3.9,2.7,3,9.3,6.3,1.5,3.7,2.3
dish_1565894889,cheese pizza; cookies,,258,222,36,11.2,9.6,1.6,33.3,26.4,6.9,6.6,10.8,4.1
dish_1562700496,cauliflower,,31,27,4,0.4,0.5,0.1,6.2,5.8,0.4,2.2,0.4,1.8
dish_1561574479,beef; walnuts; salt; onions; bok choy; olive oil; mustard; arugula; vinegar; blueberries; chard; millet; cauliflower; cheese pizza; spinach (cooked); caesar salad; shallots; pepper,salt; olive oil; garlic; lemon juice; onions,364,310,54,18.5,15.5,3,25.3,24,1.3,24.6,21.6,2.9
dish_1556575327,celery; olives; brussels sprouts,,103,64,39,6.9,2,4.9,10.6,11.5,0.9,2.9,1.5,1.4
dish_1562876531,pepper; chicken; wheat berry; lemon juice; basil; parsley; garlic; squash; spinach (raw); zucchini; rosemary; olive oil; thyme; caesar salad; salt,olive oil; salt; garlic,66,131,65,2.4,5.8,3.4,3.1,15.4,12.3,8.4,5.8,2.5
dish_1558113477,almonds,almonds,289,264,25,24.8,13.8,10.9,11.4,20.9,9.5,11.2,17.1,5.9
dish_1565986733,white rice; mushroom; ground turkey; chard; celery; wheat berry; onions; olive oil; cream; chive; garlic; salt; shallots; carrot; cherry tomatoes; fish; eggs; thyme; kale; parsley; lemon juice,salt; olive oil; garlic; onions; pepper,388,347,41,35.7,18.7,17,9.9,22.3,12.4,43,25.3,17.7
dish_1560368395,honeydew melons,,49,22,27,0.1,0.1,0,12.3,6,6.3,0.7,0,0.7
dish_1562790855,radishes; fish; cherry tomatoes; shallots; onions; mustard; parsley; garlic; basil; salt; pepper; pork; lemon juice; brown rice; country rice; cucumbers; olive oil; vinegar; bell peppers; broccoli; green onions,salt; olive oil; garlic; lemon juice; pepper,739,493,246,67.9,27.6,40.3,23.8,24,0.2,78.4,40.6,37.9
dish_1564428181,garlic; olive oil; parsley; pecans; lemon juice; salt; shallots; pepper; arugula; vinegar; chard; quinoa; thyme; pork; mustard; wheat berry; jalapenos; mayonnaise; carrot; cabbage; blueberries,salt; olive oil; garlic; lemon juice; pepper,510,467,43,32.3,25.8,6.5,21,24.4,3.5,34.3,37.6,3.3
dish_1563998279,chicken; cilantro; parsley; brown rice; mushroom; steak; wheat berry; thyme; basil; white wine; shallots; garlic; vinegar; pepper; arugula; jalapenos; oregano; cream; tatsoi; butter; rosemary; olive oil; lemon juice; salt; roasted potatoes,olive oil; salt; garlic; lemon juice; pepper,565,480,85,31.7,26.2,5.4,21.4,27.3,5.8,48,37.5,10.5
dish_1562963325,sugar; garlic; pepper; white rice; bok choy; pork; salt; cheese pizza; soy sauce; caesar salad,salt; olive oil; garlic; lemon juice; onions,760,458,302,31.5,24,7.4,65.3,29.6,35.8,51.8,34.5,17.3
dish_1560444914,honeydew melons; pineapple; watermelon,,62,31,32,0.2,0.1,0.1,15.9,8.3,7.6,0.9,0,1
dish_1560526530,berries; mustard greens; parsley; tomatoes; cucumbers; vinegar; almonds; olive oil; mustard; sausage; salt; carrot; potatoes; garlic; pineapple; spinach (raw); blueberries,olive oil; salt; garlic; vinegar; pepper,245,244,1,13.3,11.5,1.8,26.8,23.2,3.6,6.9,14.4,7.5
dish_1564773976,cherry tomatoes; chicken breast; shallots; olive oil; mayonnaise; arugula; salmon; pepper; pickles; chive; olives; salt; garlic; broccoli; parsley; kale; lemon juice; lentils; pineapple,olive oil,516,337,179,22.1,17.6,4.5,26.4,22.7,3.7,52.7,25,27.7
dish_1559578551,bacon,,124,91,33,9.7,4.1,5.5,0.3,11.1,10.8,8.5,3.8,4.7
dish_1565986702,lemon juice; wheat berry; parsley; cherry tomatoes; fish; salt; garlic; shallots; chive; olive oil; chard,salt; olive oil; garlic; vinegar; pepper,211,285,74,24.4,15.1,9.2,7,19.5,12.6,27.8,20,7.8
dish_1565118729,shallots; salt; kale; onions; olive oil; chard; vinegar; beef; spinach (cooked); millet; bok choy,olive oil; salt; garlic; pepper; lemon juice,435,390,45,24.3,21.5,2.7,9,21.5,12.5,41.9,30.5,11.4
dish_1557936555,eggs,,149,85,64,10.1,3.9,6.2,1.2,9.3,8.1,12,4.1,7.9
dish_1558373074,deprecated,,74,81,7,0.3,2.4,2.2,0.4,14.6,14.2,19.9,1.7,18.1
dish_1559849053,grapes; almonds,,382,244,138,28.8,11.5,17.3,25.2,25.5,0.3,13.5,13.1,0.3
dish_1568401199,tuna salad; squash; olive oil; salt,olive oil; salt,460,380,79,22.5,20.5,1.9,24.8,22.4,2.4,38,29.5,8.5
dish_1559846688,vinegar; beets; arugula; onions; mustard; carrot; olive oil; salt; lettuce,,83,55,27,7.8,2.4,5.3,3.1,7,3.9,1.3,2.1,0.8
dish_1564675380,turkey bacon,,87,154,67,6.5,7.5,1.1,0.7,16.1,15.4,6.7,7.6,0.9
dish_1563996464,blueberries; vinegar; arugula; chard; pepper; olive oil; cauliflower; walnuts; salt; mustard,olive oil; salt; vinegar; garlic; arugula,100,179,78,7.9,9.2,1.3,6.7,13.8,7.1,3,11.8,8.8
dish_1562774159,raspberries; vinaigrette; cantaloupe; granola; blackberries; mixed greens; berries,olive oil; salt,91,57,34,3,2,1,15.5,8.9,6.6,2,1.7,0.2
dish_1560801883,arugula; chicken breast; cherry tomatoes; spinach (raw); squash; wheat berry; parmesan cheese; garlic; rosemary; zucchini; parsley; salt; cauliflower; white rice; thyme; pepperoni pizza; pork; olive oil; onions,salt; olive oil; garlic; onions; lemon juice,512,472,40,22.1,24.7,2.6,34.6,31.1,3.6,42.6,35.2,7.4
dish_1561574848,basil; feta cheese; pepper; shallots; cucumbers; olive oil; blueberries; wheat berry; vinegar; chard; chicken; cherry tomatoes; bell peppers; onions; mustard; white wine; lemon juice; cream; oregano; vinaigrette; olives; mushroom; arugula; walnuts; garlic; butter; salt; rosemary; lettuce; thyme,salt; olive oil; vinegar; garlic; mustard,182,213,30,10.2,10.7,0.4,4.8,17.1,12.3,18.1,13.6,4.5
dish_1563551220,cream cheese; berries; greek yogurt; milk; chia seeds; bagels; egg whites; olive oil; sweet potato,olive oil; berries; sweet potato,562,501,60,14.5,25.8,11.3,79.8,33.3,46.5,28.9,38.1,9.1
dish_1563998244,roasted potatoes; white wine; basil; cream; oregano; pepper; arugula; mushroom; shallots; garlic; salt; butter; lemon juice; rosemary; olive oil; thyme; wheat berry; chicken,olive oil; salt,259,226,34,10.3,11.5,1.2,16.4,17.7,1.3,24.3,15.1,9.2
dish_1562009006,wheat berry; olive oil; jalapenos; pork; salt; pizza; cabbage; garlic; caesar salad; carrot; parsley; lemon juice; mayonnaise; pepper,salt; olive oil; garlic; lemon juice; pepper,471,520,49,25.4,28.8,3.4,21.1,26.2,5.1,39,42.5,3.5
dish_1560800951,parsley; cauliflower; kale; lemon juice; olive oil; pepper; bulgur; chickpeas; salt,olive oil; salt; vinegar; garlic; mustard,103,227,124,4.3,11.6,7.3,14.1,17.5,3.4,4.3,14.8,10.5
dish_1557936599,broccoli,,22,46,24,0.3,1.9,1.7,4.4,6.1,1.7,1.5,1.8,0.3
dish_1560801859,squash; onions; pepperoni pizza; arugula; parsley; garlic; white rice; cauliflower; rosemary; salt; zucchini; pork; olive oil,olive oil; salt; garlic; pepper; onions,429,456,27,20.1,23.9,3.8,33.5,29.7,3.7,28.3,34.2,5.9
dish_1568401167,tuna salad,olive oil; salt,426,303,124,21,16.5,4.5,21,18.3,2.6,36.9,22.8,14.1
dish_1565020755,bacon,,43,122,78,3.4,5.9,2.5,0.1,12.8,12.7,3,6,3.1
dish_1560526408,blueberries; parsley; mustard; salt; carrot; almonds; spinach (raw); vinegar; olive oil,salt; olive oil; garlic; vinegar; pepper,67,122,55,6.1,6,0.1,2.7,11.6,8.8,1.3,6.5,5.2
dish_1564427455,grilled chicken; olives; cherry tomatoes,olives,354,394,40,24,20.8,3.1,4.2,24.6,20.4,31.2,30.2,1.1
dish_1558375667,almonds,almonds,688,514,174,58.9,28.1,30.8,27,31.5,4.5,26.7,38.6,11.9
dish_1557937715,raspberries,,21,75,54,0.3,2.8,2.5,4.7,11.7,7,0.5,2.1,1.7
dish_1562009894,goat cheese; olives; garlic; vinegar; brown rice; olive oil; mustard; salt; pears; mixed greens,olive oil; salt; garlic; vinegar; pepper,245,205,39,12,10.5,1.5,29.9,16.3,13.6,5.6,13.2,7.6
dish_1560526447,salt; carrot; cucumbers; almonds; mustard greens; olive oil; mustard; parsley; vinegar; spinach (raw); blueberries; garlic; tomatoes,salt; olive oil; vinegar; garlic; mustard,89,131,42,8.2,6.4,1.7,3.4,12.4,9,1.8,7,5.3
dish_1563551164,bagels; sweet potato; olive oil; egg whites; cream cheese,olive oil,340,298,41,8.3,14.8,6.5,46.8,22.9,23.9,17.8,21,3.3
dish_1568401233,salt; squash; carrot; tuna salad; olive oil,olive oil; salt; garlic; pepper,490,418,73,22.6,22.7,0.1,32.3,23.9,8.5,38.6,32.8,5.8
dish_1562703447,salt; spinach (cooked); vinegar; millet; berries; beef; shallots; mixed greens; onions; olive oil; pizza; lemon juice; parsley; bok choy; apple,olive oil; salt,384,133,251,18,6,12,37.7,15.3,22.3,18.5,6.1,12.4
dish_1558030383,bacon,,141,136,4,10.9,6.5,4.4,0.4,14.4,14.1,9.6,6.7,2.9
dish_1561663541,brown rice,olive oil,124,147,23,1,6.8,5.8,25.8,15.4,10.3,2.9,8,5.1
dish_1560975491,caesar salad,olive oil; salt; garlic,38,126,88,1.8,6.2,4.4,3.7,11.7,8,2.8,7.2,4.5
dish_1564427430,grilled chicken; olives,,346,326,19,23.9,17.7,6.1,2.3,18.8,16.5,30.8,25.3,5.5
dish_1565898331,spinach (raw); olive oil; lime; cilantro; garlic; shallots; chili; salt; lemon juice; ginger; salmon; brown rice; jalapenos; onions,salt; olive oil; garlic; vinegar; pepper,156,123,33,6.5,5.9,0.6,4.6,12.7,8.1,18.1,6.2,11.9
dish_1567785622,berries,,31,51,21,0.2,1.8,1.6,7.6,8.2,0.6,0.4,1.5,1.1
dish_1562099134,eggplant; chicken thighs; mushroom; vinegar; cherry tomatoes; lime; mixed greens; spinach (cooked); garlic; shallots; lemon juice; onions; olive oil; pepper; quinoa; wine; carrot; cheese pizza; salt; lettuce; cucumbers; squash,olive oil; salt; garlic; pepper; onions,272,300,28,14,15.1,1.1,18.6,23.7,5.1,17.7,20.1,2.4
dish_1558461760,cherry tomatoes,,11,12,1,0.1,0.4,0.2,2.4,2.4,0,0.5,0.2,0.3
dish_1558030182,potatoes,,68,68,1,0.1,1.8,1.7,15,13.2,1.7,1.8,1.3,0.5
dish_1564689168,lime; parsley; blueberries; vinegar; arugula; mustard; onions; almonds; mixed greens; carrot; salt; pears; garlic; pepper; spinach (raw); tofu; lemon juice; cucumbers; olive oil; chickpeas; cherry tomatoes; lettuce,salt; olive oil; vinegar; garlic; onions,353,573,220,27.5,30.5,3,17.7,35.2,17.5,15.1,43.8,28.7
dish_1562963246,cheese pizza,salt; olive oil; garlic; cheese pizza,324,207,117,11.5,10.3,1.2,40.9,18.4,22.4,13.7,12.5,1.1
dish_1565896745,pepper; arugula; salt; garlic; walnuts; cauliflower; vinegar; steak; chard; blueberries; wheat berry; olive oil; kale; mustard; lime,salt; olive oil; vinegar; garlic; mustard,369,383,14,25.2,21.1,4.1,10.7,21.2,10.5,27.2,29.9,2.7
dish_1560526472,salt; carrot; tomatoes; olive oil; almonds; mustard; parsley; mustard greens; vinegar; blueberries; spinach (raw); cucumbers; berries; garlic,salt; olive oil; vinegar; garlic; mustard,114,138,25,8.3,6.7,1.6,9.6,13.3,3.7,2.1,7.4,5.4
dish_1561578839,vinegar; mustard; cheese pizza; salt; walnuts; broccoli; pepper; olive oil; chard; arugula; blueberries,salt; olive oil; garlic; vinegar; onions,362,428,66,14.8,22,7.2,43.4,29.7,13.7,14.9,31.4,16.5
dish_1557862783,cauliflower; steak; chicken,olive oil; salt,443,371,72,24.9,20.4,4.5,3.8,19.9,16.1,50.4,29.5,21
dish_1565711527,salt; pepper; brussels sprouts; scrambled eggs; olive oil; hash browns,olive oil; salt; garlic; pepper,485,396,89,32,21.4,10.6,33.9,22.7,11.2,18.5,31.2,12.8
dish_1565123881,caesar salad; olive oil; onions; cheese pizza; zucchini; spinach (cooked); millet; shallots; bok choy; salt; beef; chayote squash; vinegar,olive oil; salt; garlic; pepper; lemon juice,407,546,140,19.4,29.3,10,31,32.7,1.7,30.1,42.4,12.3
dish_1558375833,sausage,almonds; sausage; grapes,317,320,3,25.1,17.1,8,3.9,22.8,18.9,17.8,22.2,4.4
dish_1565898432,shallots; blueberries; arugula; green beans; ginger; spinach (raw); brown rice; jalapenos; chard; olive oil; mustard; walnuts; chili; lime; garlic; cilantro; salmon; bok choy; beef; vinegar; pepper; lemon juice; onions; salt; spinach (cooked); millet,salt; olive oil; garlic; vinegar; lemon juice,450,476,25,25.8,26.4,0.6,11.6,24.7,13.1,40.7,38.2,2.5
dish_1562788536,pilaf; corn on the cob,olive oil; salt; garlic; vinegar; pepper,245,239,6,6.6,11.6,5,44.8,21.5,23.2,5.4,14.6,9.2
dish_1563565508,ground turkey; vinegar; celery; onions; parmesan cheese; thyme; carrot; salt; white rice; arugula; parsley; caesar dressing; olive oil; chive; eggs; bok choy; cream; mushroom; chard; kale; garlic; fish; cherry tomatoes; wheat berry; blueberries; lemon juice; corn on the cob; mustard; pecans; shallots; croutons,olive oil; salt; garlic; pepper; onions,404,301,103,24.8,14.9,9.8,32,24.1,7.9,26.3,20.4,5.8
dish_1565811025,spinach (raw); chicken; broccoli,broccoli; olive oil,361,252,109,7.7,13.6,5.9,4.4,13.9,9.5,65.4,19.9,45.5
dish_1566851584,caesar salad; cheese pizza,salt; olive oil; garlic; cheese pizza; pepper,286,299,12,10.9,14.8,3.9,34.4,23.6,10.7,13.9,20.6,6.7
dish_1565020926,olive oil; sweet potato; grapes; berries; greek yogurt; egg whites; chia seeds; milk; bacon,berries; olive oil; sweet potato,398,348,51,10.4,17.3,6.9,56.5,27.6,28.9,21.5,23.9,2.4
dish_1566416701,garlic; mushroom; wheat berry; olive oil; butter; salt; shallots; white wine; pepper; arugula; cream; oregano; thyme; basil; rosemary; lemon juice; chicken,olive oil; salt; garlic; pepper; lemon juice,199,201,3,6.6,10.2,3.6,2.9,15.2,12.3,30.3,13.8,16.5
dish_1565034681,walnuts; pepper; chard; blueberries; cucumbers; lime; salt; lettuce; mustard; cheese pizza; cherry tomatoes; vinegar; arugula; olive oil; pizza; onions; mixed greens,olive oil; salt; garlic; pepper; onions,324,328,5,18.9,16.5,2.5,29.2,26.3,2.9,10.4,22.2,11.7
dish_1565638515,white rice; garlic; onions; zucchini; parsley; olive oil; rosemary; pork; green beans; arugula; salt,olive oil; salt; garlic; vinegar; pepper,199,213,14,10.8,11.2,0.4,9,15.7,6.8,16.7,14.4,2.3
dish_1560456305,mixed greens; lettuce; pumpkin seeds; mustard; salt; olive oil; vinegar; arugula; carrot,salt; olive oil; vinegar,26,38,11,2.2,1.6,0.6,1.3,5,3.6,0.5,1.5,0.9
dish_1562876494,pepper; chicken; squash; wheat berry; spinach (raw); zucchini; lemon juice; rosemary; basil; olive oil; garlic; thyme; salt; parsley,,40,103,63,1.2,4.3,3.2,0.5,13.4,12.8,6.5,4.1,2.4
dish_1558376984,almonds; deprecated; sausage; mixed greens; grapes,almonds,672,588,84,45.6,31,14.6,30.2,40.3,10.1,45.4,42.6,2.8
dish_1561739265,sweet potato; hash browns; broccoli; egg whites; berries,olive oil,292,342,50,10,17.7,7.7,41.1,23,18.1,10.7,25.4,14.7
dish_1559850314,almonds; orange,almonds,297,260,37,23.3,12.8,10.5,17,23.9,6.9,11,15.6,4.6
dish_1566920339,egg whites; sweet potato; olive oil,egg whites; sweet potato,450,415,34,5,21.6,16.5,32.1,26.8,5.3,58.6,31.9,26.6
dish_1560801829,squash; olive oil; pepperoni pizza; salt; cauliflower,olive oil; salt,257,310,53,10.5,14.8,4.3,30.3,27.7,2.7,11.2,19.8,8.6
dish_1565117429,cheese pizza,cheese pizza; olive oil,391,303,88,13.8,13.8,0,49.2,30.9,18.4,16.5,17.5,1
dish_1564689138,garlic; onions; lemon juice; mustard; olive oil; almonds; mixed greens; lime; cherry tomatoes; pepper; cucumbers; spinach (raw); blueberries; vinegar; arugula; parsley; lettuce; salt; carrot; chickpeas; pears,salt; olive oil; vinegar; garlic; mustard,268,304,36,22,15.8,6.1,15.5,22.5,6.9,5.8,20.9,15.1
dish_1563897938,bacon,,54,96,42,4.2,4.6,0.4,0.1,10.3,10.2,3.7,4.4,0.7
dish_1558376437,cantaloupe,,13,22,9,0.1,0.7,0.6,3.1,4.3,1.2,0.3,0.3,0
dish_1560367904,olive oil; garlic; salt; green onions; onions; fish; country rice,olive oil; salt; garlic,76,175,99,8.8,8.6,0.2,3.7,16.5,12.8,10.4,9.7,0.7
dish_1561661324,caesar salad,olive oil; salt; garlic,33,125,92,1.6,6,4.4,3.2,12.5,9.3,2.4,6.6,4.2
dish_1564588919,milk; greek yogurt; egg whites; blueberries; sweet potato; olive oil; chia seeds,olive oil,336,380,44,7.6,19.1,11.5,41,28.4,12.6,25.1,27.3,2.2
dish_1558641253,corn on the cob,,117,86,30,2.6,2.2,0.4,24.2,17.1,7.1,3.4,1.5,1.9
dish_1558031133,yam,,137,112,25,0.2,3.8,3.6,32.3,17.8,14.5,1.8,3.6,1.8
dish_1562700593,chive; apple; millet; cauliflower; pepper; vinegar; shallots; onions; snow peas; olive oil; lemon juice; mixed greens; artichokes; spinach (cooked); fish; corn; lentils; arugula; parsley; bok choy; garlic; salt; beef,salt; olive oil; garlic; lemon juice; pepper,386,497,111,29.8,27.6,2.2,18.6,25.1,6.5,37,40.6,3.5
dish_1558376212,almonds,almonds,301,288,13,25.7,15.2,10.6,11.8,22.1,10.3,11.6,19,7.3
dish_1565898230,garlic; bell peppers; beef; cherry tomatoes; brown rice; ginger; olive oil; vinegar; spinach (cooked); lime; shallots; bok choy; salmon; millet; vinaigrette; jalapenos; spinach (raw); green beans; feta cheese; cucumbers; lettuce; cilantro; lemon juice; onions; salt; chili; olives,salt; olive oil; garlic; lemon juice; onions,780,539,241,42.7,29.9,12.8,19.7,27.8,8,73.9,43.6,30.4
dish_1561574394,walnuts; caesar salad; mustard; olive oil; vinegar; blueberries; chard; arugula; pepper; salt,salt; olive oil; vinegar; garlic; arugula,62,97,35,4.8,4.6,0.2,3.4,10.3,6.9,2.4,4.6,2.3
dish_1564160043,bagels,,245,231,14,1.5,11.2,9.7,48,20.6,27.4,9.9,14.6,4.7
dish_1566501575,brownies,olive oil; salt; cherry tomatoes; onions,252,369,117,15.6,20.3,4.7,26.9,19.4,7.5,3.3,29.8,26.5
dish_1558722125,almonds,almonds,497,543,45,42.6,29.5,13,19.5,34.3,14.8,19.3,40.3,21
dish_1558719570,apple,,74,64,10,0.3,1.1,0.9,20,14.6,5.4,0.4,0.6,0.1
dish_1558546434,spinach (raw),,3,9,7,0,0.3,0.3,0.4,1.6,1.2,0.3,0.3,0.1
dish_1558641200,carrot,,3,21,18,0,-0.2,0.2,0.8,7,6.2,0.1,-0.5,0.6
dish_1561578775,cheese pizza,salt; olive oil; garlic; cheese pizza; pepper,295,274,21,10.4,13.4,3,37.2,23.2,14,12.4,17.8,5.4
dish_1563898019,bacon; chia seeds; greek yogurt; scrambled eggs; milk,,344,258,86,22.6,13.5,9.1,10.5,18.5,8,24.2,18,6.2
dish_1561667207,garlic; salt; sugar; bok choy; pork; pepper; white rice; soy sauce,olive oil,249,302,52,11.4,15.7,4.3,13.4,21.3,7.9,22.1,21.4,0.7
dish_1567785778,pineapple; bell peppers; berries; cucumbers; salt; mustard; olive oil; garlic; greek yogurt; vinegar; radishes; milk; chia seeds; sweet potato,olive oil; salt,304,461,157,15.2,24.6,9.4,32.6,28.9,3.7,11.7,34.8,23.1
dish_1568305198,turkey bacon,olive oil,311,247,65,23,13.1,10,2.5,17.6,15,23.9,17,6.8
dish_1558639440,apple,,60,50,10,0.2,0.4,0.1,16.2,13.4,2.8,0.3,-0.2,0.5
dish_1558630176,apple,,74,74,1,0.3,1.3,1,19.9,16.8,3.1,0.4,0.7,0.2
dish_1558375732,grapes,,46,40,6,0.1,1.4,1.2,11.9,7,4.9,0.5,0.9,0.4
dish_1567007848,watermelon; raspberries; berries; cantaloupe; pineapple,berries,100,176,76,0.6,6.4,5.9,24.8,25.9,1.1,1.7,6.8,5.1
dish_1566589933,tofu,olive oil; salt; garlic; pepper; onions,89,207,118,5.9,10.2,4.4,2.3,18.2,15.8,9.8,12.4,2.6
dish_1563565289,corn on the cob,olive oil; salt,93,67,27,2.1,2.3,0.2,19.4,11,8.4,2.7,1.8,0.9
dish_1561577848,salt; white wine; cream; oregano; arugula; lemon juice; olive oil; pepper; chicken; mushroom; wheat berry; butter; rosemary; thyme; shallots; garlic; basil,olive oil; salt; garlic; lemon juice; pepper,413,329,85,13.8,17.6,3.7,6,20.4,14.3,63.1,24.8,38.4
dish_1566838286,pineapple,,72,28,44,0.1,-0.4,0.5,18.8,9.3,9.5,0.7,-0.5,1.2
dish_1558630207,almonds,almonds,671,581,90,57.4,31.6,25.8,26.3,36.9,10.6,26,43,17
dish_1558113430,mixed greens,olive oil; salt,8,51,44,0.1,2.3,2.1,1.5,6.7,5.2,0.6,1.9,1.3
dish_1565123783,cheese pizza,olive oil; salt; cheese pizza,93,160,66,3.3,7.7,4.4,11.7,15.6,3.8,3.9,9,5.1
dish_1565638478,green beans; olive oil,olive oil; salt; vinegar; garlic,48,82,34,2.4,3.9,1.5,6.2,8.7,2.5,1.6,4,2.4
dish_1558549806,almonds; white rice; spinach (raw),almonds,782,533,249,58.7,28.8,29.9,48.1,33.2,15,28.7,40.3,11.5
dish_1561654374,blackberries; mixed greens; raspberries; scrambled eggs; brussels sprouts; olive oil; pepper; salt; vinaigrette; granola,olive oil; salt; garlic,326,351,25,22.1,19.3,2.8,13.1,19.1,6,19.4,27.8,8.3
dish_1561667238,caesar salad; salt; sugar; garlic; soy sauce; bok choy; white rice; pork; pepper,olive oil; salt; garlic,269,413,144,12.3,21.8,9.4,15.3,26,10.7,23.5,31.4,7.9
dish_1560203400,pepperoni pizza,,293,309,16,12.5,15.3,2.8,33.3,25.8,7.4,12.5,20.4,7.9
dish_1565030391,white rice; garlic; orange juice; onions; cucumbers; kale; green onions; lettuce; soy sauce; pepper; cherry tomatoes; beef; vinegar; olive oil; broccoli; lime; salt; chili; mixed greens,salt; olive oil; vinegar; garlic; mustard,609,295,314,37,16,21,12.1,18.2,6.1,52.6,22,30.6
dish_1558635489,corn on the cob,,79,113,34,1.8,3.5,1.7,16.3,20.3,4,2.3,2.6,0.4
dish_1560367926,onions; fish; garlic; salt; green onions; olive oil; pizza; country rice,salt; olive oil; garlic; onions; pepper,409,450,42,21,23.2,2.3,45,32.5,12.5,24.2,32.1,7.9
dish_1566414342,garlic; pepper; mushroom; oregano; cream; wheat berry; butter; basil; salt; shallots; white wine; chicken; quinoa; arugula; thyme; olive oil; rosemary; lemon juice; roasted potatoes,olive oil; salt; garlic; lemon juice; pepper,846,518,328,31.6,28.3,3.2,53.3,28.1,25.3,83.6,41.4,42.2
dish_1561654392,olive oil; bacon; raspberries; salt; mixed greens; granola; blackberries; vinaigrette; pepper; scrambled eggs; brussels sprouts,olive oil; salt; garlic; pepper; vinegar,494,423,71,35.1,23.6,11.5,13.6,21.1,7.5,30.9,34.5,3.6
dish_1558718649,cantaloupe,,26,24,2,0.2,-0.5,0.7,6.1,8.8,2.7,0.6,-0.7,1.3
dish_1562788506,corn on the cob,,115,58,56,2.6,1.8,0.8,23.8,10.3,13.5,3.3,1.4,1.9
dish_1559849020,grapes,,46,71,25,0.1,2.4,2.2,12.1,12.4,0.4,0.5,1.8,1.3
dish_1567007719,cantaloupe,,14,23,9,0.1,-0.2,0.3,3.4,7.5,4.2,0.3,-0.4,0.8
dish_1562172643,egg whites; roasted potatoes; bacon,olive oil; scrambled eggs; egg whites; bacon; sweet potato,734,460,274,42.6,25.4,17.1,17.6,23.8,6.1,62.9,37.3,25.6
dish_1568305225,bell peppers; garlic; salt; cucumbers; mustard; olive oil; vinegar; turkey bacon; radishes,olive oil; salt; vinegar; garlic,429,271,158,35.1,14.2,21,4.9,19.8,14.9,24.5,18.3,6.1
dish_1562009810,brown rice,,120,180,61,1,9.3,8.3,24.8,14.6,10.3,2.8,11.5,8.7
dish_1562168800,roasted potatoes; mixed greens; berries; raspberries; honeydew melons; vinaigrette; granola; blackberries,olive oil; salt,238,262,24,9.3,12.5,3.1,36.3,24,12.3,3.8,16.3,12.5
dish_1560801020,cauliflower; garlic; spinach (raw); parmesan cheese; wheat berry; chickpeas; pepper; chicken breast; cherry tomatoes; thyme; lemon juice; olive oil; parsley; kale; bulgur; salt,olive oil; salt; garlic; vinegar,346,312,35,5.9,16.6,10.7,61.7,19.5,42.2,17.1,23.5,6.4
dish_1558639412,cantaloupe,,33,30,3,0.2,-0.1,0.2,7.8,9.1,1.3,0.8,-0.3,1.1
dish_1566849862,olives,,77,36,41,7.2,1.6,5.6,4.2,4.5,0.2,0.5,1.6,1.1
dish_1561654346,olive oil; vinaigrette; pepper; mixed greens; granola; blackberries; salt; raspberries; brussels sprouts,salt; olive oil; vinegar; garlic; mustard,79,89,10,3.7,4.2,0.5,10.4,9.4,1,2.7,4.2,1.5
dish_1560801797,olive oil; squash; salt; cauliflower,,26,33,7,0.7,0.8,0.1,4.1,6.3,2.2,1.3,0.7,0.7
dish_1562776465,salt; pepper; sweet potato; olive oil; brussels sprouts,olive oil,173,168,6,4.4,6.7,2.3,31.5,21.8,9.7,3.6,7.5,3.9
dish_1565896662,chard; kale,olive oil; salt,19,80,61,0.3,3.7,3.4,3.6,9.1,5.5,1.5,3.6,2.2
dish_1558545738,apple,,74,105,31,0.3,3,2.7,19.9,19.5,0.4,0.4,2.2,1.8
dish_1565123845,olive oil; zucchini; onions; cheese pizza; spinach (cooked); shallots; millet; bok choy; salt; beef; chayote squash; vinegar,olive oil; salt; garlic,269,239,29,12.8,11.7,1.1,17.5,21.5,4,20,14.7,5.3
dish_1558546558,almonds,almonds,254,274,20,21.8,14.1,7.7,10,23.4,13.5,9.9,16.8,6.9
dish_1565898193,brown rice; jalapenos; green beans; salmon; vinaigrette; olives; cilantro; lime; garlic; lemon juice; bell peppers; olive oil; feta cheese; spinach (raw); ginger; cherry tomatoes; shallots; chili; salt; lettuce; onions; cucumbers,salt; olive oil; vinegar; garlic; mustard,292,271,21,14.6,14.8,0.1,12.8,16.3,3.5,26.6,20.5,6.1
dish_1566316726,egg whites; olive oil; sweet potato,egg whites; sweet potato; cauliflower; olive oil,410,249,161,4.1,12.7,8.6,25.4,17.1,8.2,57.5,18.5,39
dish_1567785654,berries; pineapple,,52,58,6,0.2,1.6,1.4,13,10.9,2.1,0.6,1.2,0.6
dish_1565711498,salt; pepper; brussels sprouts; scrambled eggs; olive oil,olive oil; salt,247,231,16,16,11.7,4.2,10.6,17.5,7,16.6,15.9,0.7
dish_1561578800,cheese pizza; salt; mustard; olive oil; blueberries; arugula; chard; vinegar; pepper; walnuts,salt; olive oil; garlic; vinegar; onions,338,357,18,14.5,18,3.5,38.6,27.1,11.5,13.3,24.8,11.5
dish_1561662869,basil; chicken; apple; chard; brown rice; lemon juice; rosemary; onions; salt; chive; millet; corn on the cob; vinegar; parsley; garlic; olive oil; carrot; mixed greens,olive oil; salt; garlic; pepper; lemon juice,284,242,42,9.2,12,2.7,10.3,20.3,10,38.8,15.9,22.9
dish_1559233627,bacon,,65,74,9,5,3.2,1.8,0.2,9.3,9.2,4.4,2.9,1.6
dish_1563551105,cream cheese; bagels,,194,175,20,5.8,8.3,2.5,29,16.5,12.5,6.7,10.5,3.7
dish_1560456326,thyme; zucchini; lemon juice; salt; garlic; rosemary; parsley; chicken; vinegar; arugula; pepper; wheat berry; olive oil; squash; basil; mustard; lettuce; mixed greens; pumpkin seeds; carrot; spinach (raw),salt; olive oil; garlic; lemon juice; pepper,207,220,13,7.5,11.2,3.7,3.8,18.3,14.5,29.7,13.6,16.2
dish_1563566965,salt; parsley; wild rice; blueberries; olive oil; arugula; chard; mustard; pecans; vinegar; mustard greens; chickpeas; garlic; pepper,salt; olive oil; vinegar; garlic; mustard,371,411,41,12.1,21.5,9.5,56.2,28.8,27.5,13.1,29.1,16
dish_1561574456,caesar salad; walnuts; cheese pizza; salt; mustard; vinegar; blueberries; arugula; chard; olive oil; pepper; cauliflower,salt; olive oil; garlic; onions; pepper,204,243,40,9.3,11.4,2.1,23,22.2,0.8,9,15.4,6.4
dish_1562776428,brussels sprouts; salt; pepper; olive oil,olive oil; salt,34,53,19,0.8,1.7,0.9,5.9,9,3.2,2.2,1.4,0.9
dish_1558110335,bacon,,38,51,14,2.9,2.1,0.8,0.1,7.2,7.1,2.6,1.7,0.9
dish_1562774206,mixed greens; raspberries; berries; scrambled eggs; roasted potatoes; vinaigrette; cantaloupe; blackberries; granola,olive oil; salt,299,321,22,16.5,16.2,0.3,26.3,24.7,1.6,12.1,22.4,10.2
dish_1559849537,grapes; pears; mandarin oranges; almonds,almonds,550,265,284,30.7,12.5,18.2,65.3,27.1,38.3,15.4,14.7,0.7
dish_1559233756,strawberries; bacon; sweet potato; pineapple,,190,192,2,5.2,8.2,3,30.4,23.1,7.4,6.1,9.2,3.1
dish_1559850338,almonds; orange; broccoli,almonds,307,262,46,23.4,12.9,10.5,19.1,23.8,4.7,11.7,15.8,4.1
dish_1562788568,garlic; pilaf; green onions; onions; country rice; olive oil; salt; corn on the cob; fish,salt; olive oil; garlic; vinegar; pepper,289,260,29,11.7,13.1,1.4,46.9,20.9,26,11.4,17.1,5.7
dish_1558031237,cantaloupe,cantaloupe,32,36,4,0.2,-0.1,0.3,7.4,10.8,3.4,0.7,-0.4,1.2
dish_1558720133,cauliflower,,14,11,3,0.2,0,0.2,2.8,3.2,0.3,1,0,1
dish_1558031394,cantaloupe; deprecated; potatoes; yam,cantaloupe,237,282,45,0.5,12.4,11.9,55.5,30.1,25.4,4.2,16.3,12.1
dish_1559157919,pepper; spinach (raw); arugula; blueberries; vinegar; chard; mustard; olive oil; walnuts; salt,olive oil,37,39,2,3.3,1.7,1.6,1.5,4.8,3.3,1,1.6,0.7
dish_1567785739,salt; bell peppers; garlic; cucumbers; olive oil; mustard; sweet potato; vinegar; berries; pineapple; radishes,,169,268,99,9.3,13.2,3.8,21.5,24.1,2.6,1.4,16.2,14.8
dish_1557937615,strawberries,,7,30,23,0.1,0.9,0.8,1.7,5.6,4,0.1,0.5,0.3
dish_1558641287,cherry tomatoes,,12,15,3,0.1,-0.4,0.5,2.5,5.6,3.1,0.6,-0.5,1.1
dish_1565896701,chard; olive oil; kale; salt; lime; garlic; cauliflower; steak; wheat berry,olive oil; salt; garlic; vinegar; pepper,294,273,21,18.2,14.6,3.6,8.3,18.6,10.3,25.7,19.2,6.5
dish_1560975601,broccoli; hominy; parsley; salt; chicken thighs; olive oil; chili; jalapenos; wheat berry; cabbage; garlic; tomatoes; lemon juice; caesar salad; lime; bell peppers,olive oil; salt; garlic; lemon juice; pepper,234,323,89,8.4,17.3,8.8,17.9,19.7,1.8,22.8,24.6,1.8
dish_1564689219,cherry tomatoes; spinach (raw); vinegar; almonds; olive oil; parsley; lemon juice; salt; carrot; mixed greens; chickpeas; garlic; pepper; arugula; lentils; blueberries; tofu; onions; mustard; cucumbers; pears; lettuce; lime,salt; olive oil; vinegar; garlic; onions,507,593,86,28.1,32.1,4.1,44.7,34,10.7,27.2,46.5,19.3
dish_1565020796,egg whites; bacon,,91,133,43,3.5,6.4,2.8,0.7,13.1,12.3,12.1,7.4,4.6
dish_1566414412,shallots; olive oil; garlic; lemon juice; basil; cream; wheat berry; mushroom; arugula; cherry tomatoes; quinoa; chicken; pepper; bell peppers; white wine; lettuce; feta cheese; roasted potatoes; onions; butter; thyme; rosemary; cucumbers; olives; oregano; vinaigrette; salt,salt; olive oil; garlic; lemon juice; onions,920,512,408,37.8,28.2,9.6,57.1,27.2,29.9,85.3,40.9,44.5
dish_1558639482,corn on the cob,,31,37,7,0.7,0.6,0.1,6.4,9.2,2.8,0.9,0,0.9
dish_1563909580,mustard greens; cucumbers; tomatoes; salt; mustard; garlic; fried rice; cheese pizza; vinegar; spinach (raw); green beans; olive oil,salt; olive oil; garlic; vinegar; onions,544,448,96,20.1,23.5,3.4,74.1,29.8,44.3,18.5,33.4,14.9
dish_1566838317,watermelon; pineapple,cantaloupe; watermelon; sweet potato,114,83,31,0.4,1.8,1.3,29.4,17,12.4,1.6,1.7,0.1
dish_1566920304,egg whites,egg whites; cauliflower; sweet potato,296,201,96,1.1,10.3,9.2,4,13.5,9.5,57,15,42
dish_1558114284,deprecated; grapes; cantaloupe,,162,148,14,0.6,4.4,3.8,22.6,25.9,3.3,21.3,4.3,17
dish_1567785709,radishes; berries; salt; garlic; olive oil; vinegar; cucumbers; mustard; pineapple; bell peppers,,131,117,14,8.4,5.1,3.3,14.6,14.4,0.3,1,5.1,4.1
dish_1558639818,cantaloupe,,20,33,13,0.1,-0.3,0.4,4.7,10.7,6,0.5,-0.6,1.1
dish_1558722207,apple,,83,94,11,0.3,2.4,2.1,22.4,18.5,3.9,0.5,1.6,1.1
dish_1558722171,cauliflower,,24,21,3,0.3,0.8,0.5,4.8,3.5,1.4,1.7,0.6,1.2
dish_1561405411,green beans; broccoli; salt; pears; chicken; lemon juice; vinegar; arugula; spinach (raw); parsley; olive oil; garlic; soy sauce; green onions; chickpeas; pepper; couscous; white rice; ginger,salt; olive oil; garlic; vinegar; lemon juice,332,465,133,8.5,25.6,17.1,25.7,25.2,0.5,37.2,36.8,0.4
dish_1559841979,broccoli; mandarin oranges,,39,81,42,0.3,2.4,2.1,9.1,14.8,5.7,1.2,1.9,0.7
dish_1566328745,chicken; cherry tomatoes,,282,302,20,6.1,16,9.9,1.4,20.2,18.8,52.1,21.9,30.2
dish_1558376801,mixed greens,,4,28,24,0.1,1.2,1.1,0.8,3.9,3.1,0.3,1,0.7
dish_1558376483,cantaloupe; almonds; grapes; sausage,almonds; grapes; sausage,735,620,115,55.4,34.1,21.4,32.2,36.6,4.3,33.3,47.5,14.2
dish_1561662842,apple; vinegar; parsley; onions; carrot; salt; chive; chicken; millet; garlic; chard; brown rice; lemon juice; rosemary; olive oil; basil; mixed greens,olive oil; salt; garlic; pepper; lemon juice,263,234,29,8.8,12,3.3,5.9,17.5,11.7,38.2,16.2,22
dish_1562963289,caesar salad; cheese pizza,salt; olive oil; garlic; pepper; lemon juice,350,295,55,12.7,14.9,2.2,43.4,22.8,20.5,15.5,20.1,4.6
dish_1561147967,chard; vinegar; mustard; olive oil; carrot; salt; raspberries; cheese pizza; blueberries; arugula; almonds,salt; olive oil; garlic; vinegar; onions,178,153,25,8.4,6.7,1.7,19.3,17,2.3,6.5,7.6,1.1
dish_1563897087,broccoli; egg whites,,102,180,77,0.7,8.8,8.1,8.2,17.7,9.5,15.2,9.6,5.6
dish_1559157777,spinach (raw),,3,13,10,0,0.5,0.5,0.4,1.8,1.4,0.3,0.5,0.1
dish_1565020822,olive oil; egg whites; sweet potato; bacon,olive oil,181,209,28,5.8,10.2,4.4,17.3,18.5,1.3,13,12.8,0.1
dish_1561662160,lemon juice; olive oil; onions; mixed greens; salt; apple; millet; parsley; vinegar,olive oil; salt; vinegar; garlic,42,64,22,3.4,2.8,0.5,2.8,7.7,4.9,0.6,2.7,2.1
dish_1566589967,onions; olive oil; garlic; bell peppers; salt; tomatoes; pepper; millet; chicken; spinach (raw); jalapenos; tofu,salt; olive oil; garlic; lemon juice; pepper,382,427,46,16.1,23.4,7.2,13.4,23.7,10.3,46.9,33.6,13.3
dish_1565118700,chard; kale,olive oil; salt; vinegar,17,35,18,0.2,1.5,1.3,3.1,4.3,1.2,1.2,1.5,0.2
dish_1560800988,pepper; cauliflower; chickpeas; salt; bulgur; olive oil; kale; lemon juice; parsley,olive oil; salt; garlic; vinegar; pepper,315,332,18,5.1,17.6,12.5,61.2,20.9,40.4,11.7,25.2,13.4
dish_1563294987,bacon,olive oil; salt,97,187,90,7.6,9.3,1.7,0.3,17.9,17.7,6.7,10.1,3.5
dish_1565117463,caesar salad; cheese pizza,salt; cheese pizza; olive oil; garlic; pepper,435,441,5,15.9,22.2,6.2,53.6,32.9,20.7,19.7,31.6,12
dish_1567007783,cantaloupe; berries; raspberries,,50,82,32,0.4,2.4,2,11.9,15.2,3.2,0.9,1.8,0.9
dish_1560456348,parsley; pumpkin seeds; garlic; olive oil; thyme; zucchini; spinach (raw); vinegar; pepper; salt; mixed greens; carrot; green beans; lemon juice; mustard; arugula; rosemary; wheat berry; squash; chicken; basil; lettuce,salt; olive oil; garlic; vinegar; pepper,210,210,0,7.5,10.7,3.2,4.6,17.5,12.9,29.9,13,17
dish_1566849987,olives; carrot; chicken; cherry tomatoes; onions,egg whites,563,571,8,16.6,32,15.3,20.5,26.1,5.6,80.7,48.4,32.4
dish_1563218408,pepperoni pizza,,245,238,7,10.4,11.9,1.4,27.8,19.9,7.9,10.4,15.4,4.9
dish_1565898128,shallots; garlic; salmon; cilantro; onions; lime; olive oil; ginger; jalapenos; brown rice; spinach (raw); salt; lemon juice; chili,olive oil; salt,209,257,48,8.7,13.3,4.6,6.2,19,12.9,24.3,17.7,6.6
dish_1558031351,deprecated,,12,18,6,0,-0.2,0.2,3.1,6.1,3,0.2,-0.4,0.6
dish_1565123816,vinegar; millet; bok choy; beef; cheese pizza; salt; spinach (cooked); shallots; onions; olive oil,olive oil; salt; garlic; cheese pizza,251,249,2,12.4,13,0.7,14,18.5,4.6,19.2,17,2.3
dish_1563996441,blueberries; arugula; pepper; chard; vinegar; walnuts; salt; mustard; olive oil,salt; olive oil; vinegar; mustard; arugula,80,97,17,7.6,4.7,2.9,2.6,9.4,6.8,1.6,5.1,3.6
dish_1564773942,garlic; salmon; cherry tomatoes; chicken breast; mayonnaise; chive; broccoli; shallots; pineapple; pepper; pickles; arugula; lentils; olive oil; kale; parsley; lemon juice; salt,olive oil; salt,492,346,146,19.9,18.2,1.7,25.1,22.7,2.4,52.5,25.9,26.6
dish_1558376768,deprecated,,74,68,6,0.3,2.1,1.8,0.4,12,11.6,20,1.5,18.5
dish_1560444967,garlic; cucumbers; olive oil; mustard; honeydew melons; salt; bell peppers; yam; scrambled eggs; pineapple; radishes; watermelon; vinegar,olive oil; salt,197,187,10,10.1,8.2,1.8,23.8,20.8,3.1,4.9,9.9,5
dish_1559844323,grapes; almonds,almonds,518,336,183,39.8,17.7,22,32.7,24.4,8.3,18.5,23.3,4.8
dish_1561741090,cottage cheese; cantaloupe,,162,102,59,6,3.3,2.6,11.5,17.5,6.1,15.5,2.7,12.8
dish_1561393715,broccoli,olive oil; salt,17,53,36,0.2,2.4,2.2,3.4,6.3,2.9,1.2,2.3,1.2
dish_1566587182,pepper; millet; avocado; spinach (raw); vinegar; olive oil; onions; bell peppers; salt; garlic; cherry tomatoes; chicken; jalapenos; mustard; celery root; mixed greens; tomatoes,olive oil; salt; garlic; vinegar; pepper,531,397,135,37.4,21.3,16.1,22.5,24.2,1.7,31.4,30.2,1.2
dish_1563389548,grilled chicken,,439,204,235,28.9,10.6,18.3,0.2,14.2,14,43.8,14.4,29.5
dish_1558639526,carrot,,32,31,1,0.2,0.1,0,7.8,8.9,1.1,0.7,-0.3,1
dish_1561663606,garlic; carrot; parsley; olive oil; basil; rosemary; lemon juice; brown rice; chard; salt; corn on the cob; chicken; chive,olive oil; salt; garlic; lemon juice; pepper,475,438,36,10.8,23,12.2,40.1,28.8,11.3,52.7,32.9,19.8
dish_1557936645,strawberries,,12,23,11,0.1,-0.3,0.4,2.9,7.7,4.8,0.3,-0.5,0.7
dish_1559844272,almonds,almonds,462,335,127,39.6,17.6,22,18.2,25.8,7.6,17.9,22.1,4.2
dish_1563305513,cheese pizza,cheese pizza; olive oil; salt; garlic,606,366,240,21.4,18.1,3.3,76.4,29.5,46.9,25.5,25.2,0.4
dish_1567007814,pineapple; berries; raspberries; cantaloupe,,73,116,43,0.4,3.4,3,17.9,20.7,2.8,1.1,3,1.9
dish_1565118782,shallots; salt; kale; olive oil; onions; chard; vinegar; beef; apple; mixed greens; spinach (cooked); lemon juice; parsley; bok choy; millet,olive oil; salt; garlic; vinegar; pepper,558,436,122,34.1,24.3,9.8,17,22.5,5.5,43.7,34.9,8.8
dish_1559578599,bacon; strawberries; sweet potato,,230,220,10,9.8,10.6,0.8,25.4,19.4,6,10,13.9,3.9
dish_1558718906,corn on the cob; cantaloupe; cauliflower; almonds,almonds,283,253,30,14.2,11.3,3,36.9,27.7,9.2,9.8,13.7,3.9
dish_1564428102,salt; garlic; olive oil; mustard; pecans; chard; arugula; vinegar; blueberries,olive oil; salt; vinegar; mustard,133,71,63,12.7,3.3,9.4,4.4,7.9,3.5,2.4,3.2,0.8
dish_1560526490,parsley; cucumbers; blueberries; mustard greens; almonds; olive oil; mustard; spinach (raw); pineapple; salt; carrot; tomatoes; garlic; berries; vinegar,salt; olive oil; garlic; vinegar; pepper,142,175,33,8.3,8,0.4,16.9,18.7,1.9,2.3,8.9,6.6
dish_1561147944,olive oil; mustard; carrot; salt; raspberries; almonds; arugula; vinegar; chard; blueberries,olive oil; salt; vinegar; garlic; mustard,42,38,4,3.6,1.7,2,2.3,4.7,2.4,0.8,1.6,0.8
dish_1561393741,broccoli; scrambled eggs,olive oil; salt,189,101,88,13,4.5,8.4,5.3,11.3,6,12.8,5,7.7
dish_1562703345,pizza,olive oil,154,135,20,5.6,5.5,0.1,19.1,17.9,1.2,6.4,5.5,0.9
dish_1559239369,berries; spinach (raw); orange,,131,184,53,0.6,6.2,5.5,31.9,28.9,3,3.1,6.4,3.4
dish_1560456370,green beans; garlic; zucchini; lemon juice; pumpkin seeds; salt; thyme; carrot; chicken; rosemary; basil; vinegar; spinach (raw); white rice; olive oil; squash; parsley; mustard; lettuce; mixed greens; pepper; wheat berry; arugula,salt; olive oil; garlic; vinegar; pepper,258,245,14,7.6,12.7,5.1,14.9,18.4,3.5,30.9,16.2,14.7
dish_1566851704,quinoa; cabbage; pork; lemon juice; thyme; broccoli; cheese pizza; pepper; wheat berry; mayonnaise; jalapenos; arugula; parsley; olive oil; carrot; salt; garlic; caesar salad; shallots,salt; olive oil; garlic; lemon juice; onions,461,535,74,19,28.9,9.9,46.8,30.3,16.5,26.7,42.6,15.9
dish_1558110297,berries,,29,24,5,0.2,0.5,0.3,7.1,5.4,1.8,0.4,0.2,0.2
dish_1559239256,orange,,60,85,25,0.1,1.7,1.6,15.4,18.5,3.1,1.2,1,0.2
dish_1562168673,mixed greens; blackberries; raspberries; honeydew melons; vinaigrette; granola,olive oil; salt; garlic; pepper,56,89,32,2.3,4.3,2,8.6,8.8,0.1,1.2,4.7,3.5
dish_1563565415,lemon juice; parsley; cherry tomatoes; eggs; corn on the cob; mushroom; thyme; kale; carrot; garlic; bok choy; fish; shallots; ground turkey; cream; onions; celery; olive oil; wheat berry; chive; chard; salt; white rice,olive oil; salt; garlic; pepper; onions,303,180,123,18.2,8.5,9.7,25,17.4,7.6,21.4,10.4,11
dish_1559844458,grapes,,56,54,2,0.2,1.9,1.7,14.6,9.2,5.4,0.6,1.3,0.7
dish_1564588820,egg whites,cauliflower,81,84,3,0.3,3.4,3.1,1.1,10.5,9.4,15.6,3.8,11.8
dish_1563984199,egg whites; cantaloupe; pineapple,egg whites; sweet potato; cauliflower,323,284,38,1.3,14.5,13.2,22.2,19.2,3,48.6,21.6,27
dish_1559849097,almonds; pears; grapes,,496,296,200,29,13.3,15.7,55.6,32.8,22.9,14.3,15.7,1.4
dish_1563898107,raspberries; greek yogurt; blueberries; bacon; pineapple; milk; chia seeds; scrambled eggs,,441,339,102,23.1,16.9,6.2,34.8,27,7.8,25.5,23.1,2.3
dish_1563984296,egg whites; olive oil; salsa; cantaloupe; sweet potato; pineapple,egg whites; sweet potato; berries; watermelon; scrambled eggs,436,482,46,3.5,25.3,21.8,44.6,29.5,15.1,51.2,37.7,13.5
dish_1562099157,cheese pizza; carrot; garlic; olive oil; quinoa; shallots; cherry tomatoes; vinegar; squash; chicken thighs; eggplant; pepper; lettuce; lime; mixed greens; green beans; onions; lemon juice; cucumbers; mushroom; wine; salt; spinach (cooked),olive oil; salt; garlic; vinegar; pepper,278,264,13,14.1,13.3,0.8,19.9,22,2.1,18.1,17,1.1
dish_1560800918,parsley; pepper; chickpeas; bulgur; salt; lemon juice; kale; olive oil,salt; olive oil; vinegar; mustard; garlic,71,105,35,3.9,5,1.1,7.7,10.9,3.1,2,5.3,3.3
dish_1565711453,scrambled eggs,,198,146,52,14.7,7.2,7.6,2.1,13,10.8,13.4,8.9,4.5
dish_1561739160,berries,olive oil; salt,35,42,7,0.2,1.7,1.5,8.5,5.9,2.7,0.4,1.5,1.1
dish_1558372948,almonds,almonds,688,463,225,58.9,25.2,33.7,27,29.1,2.1,26.7,34.4,7.7
dish_1561405332,broccoli,olive oil; salt,19,47,29,0.2,1.9,1.7,3.7,6.3,2.5,1.3,1.8,0.6
dish_1563221025,salt; white rice; parmesan cheese; pork; spinach (raw); arugula; parsley; garlic; chicken breast; cherry tomatoes; wheat berry; onions; rosemary; zucchini; thyme; olive oil,olive oil; salt; garlic,245,262,16,13,14,1,4.4,17.7,13.4,25.9,18.6,7.3
dish_1565638550,salt; pork; wheat berry; arugula; parsley; olive oil; chicken breast; white rice; green beans; onions; spinach (raw); zucchini; rosemary; parmesan cheese; garlic; thyme; cherry tomatoes,salt; olive oil; garlic; vinegar; pepper,278,315,37,12.7,16.5,3.8,10.1,21.6,11.6,30.1,22.6,7.5
dish_1560445004,bell peppers; olive oil; mustard; cucumbers; vinegar; watermelon; scrambled eggs; bok choy; bacon; salt; garlic; honeydew melons; pineapple; yam; radishes,olive oil; salt; garlic,340,301,39,21,15.2,5.8,24.4,22.6,1.8,14.7,21.2,6.5
dish_1566850142,cabbage; lime; garlic; lettuce; carrot; olive oil; parsley; vinegar; jalapenos; cherry tomatoes; salt; mixed greens; lemon juice; cucumbers; onions; mayonnaise; wheat berry; pork; pepper,salt; olive oil; garlic; vinegar; pepper,465,360,105,31.8,19.7,12.1,9.1,20.5,11.5,35.2,27.8,7.4
dish_1557937758,blackberries; strawberries; yam; raspberries; eggs,,107,149,42,2.3,5.7,3.5,18.9,20.5,1.5,3.5,6.2,2.7
dish_1563295016,bacon; pineapple,,128,187,59,7.6,8.4,0.7,8.2,21.7,13.5,7,8.9,1.9
dish_1558110478,eggs; berries; bacon; yam,,205,259,54,6.8,12.1,5.2,27.9,26,2,8.3,15.1,6.8
dish_1558376938,grapes,,51,49,2,0.1,1.5,1.4,13.3,9.1,4.2,0.5,1,0.5
dish_1566849955,olives; onions; cherry tomatoes; carrot,,147,101,47,7.6,4.8,2.8,20.5,10.6,10,2.6,5,2.4
dish_1558373008,sausage,,252,220,31,19.9,11.1,8.8,3.1,20.9,17.8,14.1,12.1,2
dish_1566838351,berries; watermelon; pineapple,berries; sweet potato; watermelon,190,187,3,0.8,7.1,6.3,48,25.2,22.9,2.5,8.5,6
dish_1563566909,wild rice,olive oil; salt; garlic; pepper; vinegar,223,272,50,0.7,13.4,12.7,46.8,23.3,23.4,9.4,17.1,7.7
dish_1557937157,strawberries; broccoli; raspberries; eggs; bacon,olive oil; salt; garlic; pepper; onions,355,433,78,22.1,23.4,1.2,14.7,25.2,10.5,24.3,33.9,9.6
dish_1558030289,honeydew melons,,39,27,11,0.1,0,0.1,9.6,8,1.6,0.5,-0.3,0.9
dish_1559233445,pineapple,,24,28,4,0,0.5,0.4,6.4,6.7,0.3,0.2,0.1,0.1
dish_1563898084,bacon; milk; greek yogurt; blueberries; scrambled eggs; pineapple; chia seeds,,419,300,119,22.8,14.7,8.1,30,25.5,4.5,25,19.8,5.1
dish_1557937427,eggs,,26,77,51,1.8,3.4,1.6,0.2,9.5,9.3,2.1,3.2,1
dish_1565034661,lime; walnuts; mustard; olive oil; cucumbers; arugula; pepper; cherry tomatoes; lettuce; salt; mixed greens; onions; blueberries; vinegar; chard; cheese pizza,olive oil; salt; garlic,220,217,2,15.1,10.1,5.1,16.3,22.9,6.5,6.1,11.6,5.4
dish_1557862696,cauliflower,,19,43,24,0.2,1.9,1.6,3.8,5.5,1.6,1.4,1.7,0.3
dish_1559841950,broccoli,,11,55,44,0.1,2.2,2.1,2.2,7.7,5.4,0.8,1.9,1.2
dish_1559238993,berries,,62,68,6,0.3,1,0.7,15.1,15.9,0.7,0.8,0.5,0.2
dish_1558639849,carrot,,23,18,5,0.1,-0.4,0.5,5.7,6.8,1.1,0.5,-0.6,1.1
dish_1561574815,olive oil; blueberries; vinaigrette; walnuts; salt; cucumbers; onions; olives; feta cheese; arugula; vinegar; chard; pepper; cherry tomatoes; bell peppers; lettuce; mustard,salt; olive oil; vinegar; garlic; mustard,75,122,47,6.6,5.9,0.8,3.2,11.8,8.5,1.7,6.4,4.8
dish_1558639555,cantaloupe; corn on the cob; carrot; apple,cantaloupe,156,140,16,1.3,4,2.7,38.2,25.3,12.8,2.7,3.7,0.9
dish_1563551134,bagels; cream cheese; egg whites,,247,280,33,6,14.2,8.2,29.7,20.3,9.4,16.8,20.1,3.3
dish_1558376874,almonds,almonds,335,331,4,28.7,17.7,11,13.2,23.9,10.7,13,22.8,9.8
dish_1565638599,parmesan cheese; arugula; white rice; garlic; parsley; onions; olive oil; green beans; pork; wheat berry; spinach (raw); chicken breast; cherry tomatoes; quinoa; salt; rosemary; zucchini; thyme,salt; olive oil; garlic; pepper; onions,369,403,34,15.8,21.4,5.7,23.1,25.2,2.1,32.9,30.6,2.2
dish_1566502472,sun dried tomatoes; garlic; olive oil; mustard; cucumbers; vinegar; spinach (raw); onions; corn on the cob; salt,salt; olive oil; vinegar; garlic; onions,133,79,54,7.7,3.2,4.5,15.9,10.5,5.4,3.4,3.1,0.4
dish_1562691000,olive oil; pineapple; berries; broccoli; scrambled eggs,olive oil; salt,327,397,70,17.6,21.3,3.8,27.2,23.5,3.6,16.6,31,14.5
dish_1563389600,grilled chicken; cherry tomatoes,,451,257,195,29,13,16.1,2.9,19.4,16.4,44.5,17.9,26.6
dish_1561662926,millet; rosemary; parsley; brown rice; lemon juice; vinegar; corn on the cob; garlic; salt; apple; chicken; chard; onions; basil; olive oil; mixed greens; carrot; chive,salt; olive oil; garlic; lemon juice; pepper,288,298,10,9.3,15.5,6.2,11.1,21.4,10.3,39.2,21.1,18
dish_1565898402,garlic; salmon; green beans; vinegar; ginger; jalapenos; spinach (raw); onions; lime; shallots; cilantro; millet; bok choy; spinach (cooked); brown rice; beef; olive oil; lemon juice; salt; chili,salt; olive oil; garlic; vinegar; lemon juice,385,367,17,19.5,20.2,0.6,9.5,21.1,11.6,39.4,28.3,11.1
dish_1566851677,quinoa; broccoli; salt; arugula; parsley; lemon juice; garlic; olive oil; caesar salad; thyme; shallots; cheese pizza,salt; olive oil; garlic; lemon juice; onions,355,496,141,12.6,26.5,13.8,45.3,29.6,15.8,16.5,38.9,22.3
dish_1565020895,olive oil; bacon; egg whites; berries; milk; chia seeds; greek yogurt; sweet potato,olive oil,348,333,15,10.2,16.7,6.5,43.4,25.6,17.8,21,23.3,2.3
dish_1565035746,onions; cauliflower,olive oil,43,122,78,0.4,5.6,5.3,9,12.8,3.8,2.4,6.3,3.9
dish_1561663580,chicken; chard; brown rice; salt; parsley; olive oil; rosemary; basil; lemon juice; chive; garlic; carrot,olive oil; salt; garlic; pepper; lemon juice,432,410,23,9.8,21.8,11.9,31.3,25.3,6,51.4,31.4,20.1
dish_1557862345,chicken,,104,45,59,2.3,2,0.3,0,4.9,4.9,19.5,2.2,17.3
dish_1562774180,cantaloupe; raspberries; blackberries; mixed greens; roasted potatoes; granola; vinaigrette; berries,olive oil; salt,164,107,57,6.5,3.9,2.6,24.9,16.4,8.5,3,3.5,0.5
dish_1563565354,shallots; fish; corn on the cob; mushroom; ground turkey; cream; olive oil; thyme; onions; lemon juice; salt; parsley; carrot; white rice; cherry tomatoes; eggs; chard; wheat berry; kale; celery; chive; garlic,salt; olive oil; garlic; lemon juice; pepper,272,192,80,15.8,9.5,6.3,23,16.8,6.2,20,11.6,8.4
dish_1558718587,cauliflower,cauliflower,10,16,6,0.1,0.3,0.2,2,3.7,1.6,0.7,0.2,0.6
dish_1558110436,yam,,86,88,3,0.1,3.1,3,20.3,14.1,6.2,1.1,2.6,1.5
dish_1564588889,egg whites; blueberries; greek yogurt; chia seeds; milk,olive oil,234,283,49,5,14,9,22.4,22.9,0.5,24.1,19.3,4.7
dish_1562009934,quinoa; mixed greens; garlic; parsley; mustard; lemon juice; brown rice; arugula; vinegar; olives; shallots; pears; salt; goat cheese; thyme; olive oil,salt; olive oil; garlic; lemon juice; onions,435,537,102,15.6,29.8,14.2,62.2,26.9,35.3,12.7,43.9,31.2
dish_1562690917,broccoli; olive oil; berries,olive oil; salt,69,145,76,1.3,5.8,4.5,14.4,18.8,4.4,1.5,6.5,5
dish_1557937574,blackberries,,6,39,34,0.1,1.5,1.4,1.2,6.2,5,0.2,1.1,0.9
dish_1564773826,cherry tomatoes,,10,33,22,0.1,1.3,1.2,2.2,5,2.8,0.5,1,0.5
dish_1563984167,egg whites; cantaloupe,egg whites; sweet potato; cauliflower,292,257,35,1.2,13.1,11.9,14.2,17.7,3.5,48.3,19.3,29
dish_1563566939,vinegar; blueberries; wild rice; pecans; chard; arugula; mustard; olive oil; garlic; salt,salt; olive oil; vinegar; garlic; mustard,286,340,54,6.8,17.4,10.6,48.9,25.8,23.1,10.5,22.9,12.4
dish_1563221054,chicken breast; cherry tomatoes; vinegar; white rice; pork; wheat berry; spinach (raw); onions; zucchini; parsley; rosemary; olive oil; parmesan cheese; thyme; mustard; arugula; cranberries; garlic; salt; apple,salt; olive oil; garlic; vinegar; pepper,299,411,112,17.9,22.5,4.6,6.5,23.1,16.5,26.9,31.9,5
dish_1558375886,almonds; sausage; grapes,almonds; grapes,1051,818,232,84.2,45,39.2,42.8,46.9,4.2,44.9,63.7,18.8
dish_1560975628,broccoli; hominy; olive oil; bell peppers; garlic; parsley; caesar salad; jalapenos; cabbage; wheat berry; tomatoes; chili; lime; salt; cheese pizza; lemon juice; chicken thighs,salt; olive oil; garlic; lemon juice; pepper,348,417,69,12.5,21.9,9.5,32.4,26.7,5.7,27.6,31.7,4.1
dish_1559578579,bacon; strawberries,,143,112,30,9.8,4.5,5.3,4.7,15.4,10.7,8.9,4.5,4.4
dish_1563221157,salt; broccoli; lime; onions; olive oil; rosemary; vinegar; parmesan cheese; spinach (raw); sour cream; corn; parsley; zucchini; thyme; black beans; white rice; cheese; apple; chicken breast; garlic; cranberries; arugula; tortilla chips; wheat berry; pork; cherry tomatoes; chili; mustard; tomatoes,salt; olive oil; garlic; vinegar; onions,418,501,83,21.5,27.8,6.3,24,25.5,1.6,33.8,40.6,6.8
dish_1559934477,caesar salad,olive oil,25,32,7,1.2,1.1,0.1,2.5,5.3,2.9,1.8,0.9,0.9
dish_1565810969,spinach (raw),,5,23,19,0.1,1,1,0.7,2.8,2,0.6,1,0.4
dish_1564687013,fish; onions; steak; ketchup; vinegar; spinach (raw); white rice; kale; jalapenos; bell peppers; cilantro; lime; millet; olive oil; shallots; salt,salt; olive oil; garlic; pepper; lemon juice,331,384,53,26.9,20.7,6.2,14.7,23.5,8.8,32.2,28.8,3.4
dish_1562172561,egg whites,cauliflower; egg whites,151,134,17,0.6,6.9,6.3,2,10.4,8.3,29,9,20
dish_1558114145,grapes,,57,48,9,0.2,1.9,1.7,14.9,7.1,7.8,0.6,1.4,0.8
dish_1566414291,olive oil; roasted potatoes; quinoa,olive oil; salt; garlic; pepper; lemon juice,345,447,102,14.8,24,9.2,46,27.6,18.4,7,33.8,26.7
dish_1561147997,chard; vinegar; arugula; blueberries; olive oil; cheese pizza; almonds; salt; raspberries; mustard; zucchini; carrot,salt; olive oil; garlic; vinegar; onions,185,159,26,8.6,7,1.6,20.6,17.5,3.2,7.1,8.1,1.1
dish_1565894858,cookies,,133,90,43,6.8,3.5,3.3,17.5,13.7,3.9,1.4,2.7,1.3
dish_1565034605,lettuce; mixed greens; lime; olive oil; vinegar; cucumbers; onions; pepper; salt; cherry tomatoes,olive oil; salt,52,51,1,5,2.2,2.7,1.9,6.7,4.7,0.7,2,1.3
dish_1563897981,scrambled eggs; bacon,olive oil,244,222,22,18.3,11.7,6.6,2.2,16.1,13.9,16.5,15,1.5
dish_1567107839,bell peppers; cilantro; lime; onions; kale; salt; olive oil; ketchup; jalapenos; fish; shallots; white rice,olive oil; salt; garlic; pepper; lemon juice,174,218,43,16.5,11.4,5,12,15.8,3.8,18.8,14.9,3.9
dish_1566849895,olives; carrot,cherry tomatoes,112,63,49,7.3,2.9,4.4,12.8,6.7,6.1,1.3,3.1,1.8
dish_1559850283,almonds,almonds,272,304,32,23.3,15.8,7.4,10.7,24,13.3,10.5,19.9,9.4
dish_1562099076,olive oil; pepper; cheese pizza; salt; carrot,olive oil,110,107,4,3.8,4.5,0.7,14.8,14,0.7,4.4,4.2,0.1
dish_1563295044,yam; sweet potato; pineapple; olive oil; bacon,,242,232,9,12.2,10.6,1.6,25.8,25.1,0.8,7.9,12.4,4.4
dish_1563909550,cucumbers; mustard; mustard greens; olive oil; garlic; green beans; tomatoes; salt; fried rice; vinegar; spinach (raw),olive oil; salt; vinegar; garlic; pepper,310,328,18,11.9,17.7,5.8,44.7,20.6,24.1,8.6,24.3,15.7
dish_1558114209,cantaloupe,,31,31,1,0.2,0,0.2,7.2,9.2,2,0.7,-0.4,1.1
dish_1563208439,raspberries; chicken apple sausage,,93,267,175,4.3,13.4,9.1,8,23.5,15.5,6.1,16.2,10
dish_1558635523,white rice,,56,46,10,0.1,1.9,1.8,12,6.5,5.5,1.2,1.6,0.5
dish_1562690950,pineapple; broccoli; berries; olive oil,olive oil; salt,109,194,85,1.4,8.6,7.2,24.8,21.4,3.4,1.9,10.3,8.5
dish_1558461792,grapes; spinach (raw); cherry tomatoes; almonds,,331,205,126,20.2,9.6,10.6,34.5,21.2,13.3,10.5,11.3,0.7
dish_1562700568,fish; pepper; arugula; lemon juice; parsley; snow peas; mixed greens; chive; salt; corn; cauliflower; apple; millet; lentils; vinegar; olive oil; onions; artichokes; garlic,olive oil; salt; garlic; pepper; lemon juice,247,363,117,21.8,19.6,2.2,16.7,21.7,5,23.6,28,4.5
dish_1564686966,ketchup; millet; salt; bell peppers; olive oil; spinach (raw); steak; vinegar; onions,olive oil; salt; garlic,153,219,66,10.1,11.2,1.1,2.5,18.1,15.6,13.1,13.6,0.5
dish_1565035774,onions; cauliflower; bell peppers,olive oil; salt,58,150,92,0.4,7.3,6.9,12.2,13.8,1.6,3.1,8.6,5.5
